"greco","ser","year","V","PV","GTOT","NT","mqd"
"A","A11",1982,108.154936636713,5.55137668916534,17.8236343931842,819.345708122152,0.52284080301812
"A","A11",1987,94.4700849847209,4.61388213069289,17.6107987026747,772.70535448225,0.535164747365513
"A","A11",1997,121.377847378458,6.51182845474503,20.3961514062253,788.555596355683,0.57011554981045
"A","A11",2002,94.377166643815,4.2392788673486,14.955265955448,465.598328782552,0.635325513207487
"A","A12",1982,106.131569490362,4.79512640534424,16.5911455128841,714.045360229869,0.540356297706295
"A","A12",1997,153.108138653691,7.29290577408922,22.9032607061093,830.108964156907,0.588824725747452
"A","A13",1982,139.605906510551,5.49748988532888,18.5526632460146,696.496389125367,0.578560298095983
"A","A13",1987,138.345048501442,6.19892802233293,18.7787610134412,689.908657544877,0.584847451860949
"A","A13",1997,167.020925775399,6.06788791287018,20.7657696812123,601.953112467982,0.65841181603866
"A","A13",2002,138.162106276162,5.73170802655305,18.5474463214815,584.452197015026,0.631498750628043
"A","A21",1982,100.312569975336,5.66848770563933,16.0954311731429,631.442060112622,0.565964884814096
"A","A21",1997,123.638227026746,5.93754791407467,19.3368509207934,594.521663317354,0.63931363125853
"A","A22",1982,120.914412392704,5.01179782676952,17.5976167474395,856.758519919354,0.508045540534104
"A","A22",1987,119.281762508092,5.14189436864916,17.5325061074156,727.615211711404,0.550270266294462
"A","A22",1997,140.081819327164,5.43226433721405,19.3435629008257,657.825411050697,0.607879985088728
"A","A22",2002,124.640935950507,4.94059936208048,17.951732499428,567.795483084664,0.630321541297853
"A","A30",1982,96.1016148230544,5.55981052584102,15.0459588805095,901.491092098157,0.457966960505353
"A","A30",1992,103.863234870675,4.84432948630316,16.180978469601,686.241746253504,0.544338127492431
"A","A30",1997,103.428413134981,5.0477362321826,17.0462662765168,754.067916336481,0.532984199707026
"B","B10",1982,135.253289629981,4.75381200625554,17.2453415717971,600.616980574815,0.600678419214121
"B","B10",1987,154.779690644525,5.18223228415094,18.5785907590838,491.094386288083,0.68949136465027
"B","B10",1992,168.665511599782,5.1197063595897,20.7903091827437,544.123793142961,0.692925505854652
"B","B10",2002,162.975028721118,5.75451473257964,19.5343656599427,487.016455029417,0.709958185707904
"B","B21",1987,133.57850676346,4.61882448688498,16.7890882221948,482.383803406568,0.661335946121286
"B","B21",2002,132.392999420653,4.64514459216977,16.4615139564385,436.887270812156,0.688105649722875
"B","B22",1982,87.2406154102434,4.26599143344941,13.2241693618199,633.844334809724,0.512032852726944
"B","B22",1987,141.52559008255,6.17807480338319,19.6858100947329,747.990945047007,0.575086810689589
"B","B23",1982,154.968769449979,6.21093470296735,18.4705659441094,636.149431135935,0.60403967012275
"B","B23",1987,160.821798758694,4.77474521973661,18.7562468425493,509.6910148129,0.680024270194611
"B","B23",1992,154.205459538763,6.96113013391751,19.2311152414159,633.559591992102,0.617608738207349
"B","B23",2002,193.854499465201,6.85393238103025,22.3040543945305,539.20689969501,0.72097319661357
"B","B31",1987,144.866873573601,5.98212779889026,18.8608309839492,618.203585629597,0.619183798063225
"B","B31",2002,137.064395473088,5.05204464551646,17.3164235079051,466.498549676117,0.682981409451742
"B","B32",1982,102.637219556286,4.6313577743886,16.4798036329588,1098.31425039296,0.434227814725684
"B","B32",1987,139.847924796861,5.61863280172395,18.64213364679,677.479508746337,0.588037007229387
"B","B32",1992,159.330409607677,6.1446718689879,21.5091710818875,956.403254365423,0.531613800271383
"B","B32",2002,132.067728345378,5.19853341169992,16.4426565582551,502.368022610117,0.641327601013176
"B","B33",1982,142.371331745905,5.14054226320818,18.2029430529945,826.363980782307,0.526126343411647
"B","B33",1987,196.902910956643,6.76202482986064,21.2573469835171,680.603428472579,0.626487480398861
"B","B33",1992,169.211661062536,5.5938742215745,20.8164551763579,719.482543341361,0.602973449241331
"B","B33",1997,177.722291388184,6.41035471255203,21.6304291247002,694.85920125484,0.625444954449957
"B","B33",2002,195.351289268844,6.75326032421153,21.2672695002871,571.120630606693,0.68406421967954
"B","B41",1982,136.298188784947,4.52991391613734,17.70515920425,717.446064024801,0.556878205754773
"B","B41",1992,158.019886917512,5.19150339570068,19.3508758345491,569.489879278858,0.653449815915627
"B","B41",2002,166.982777553178,5.59378304465998,19.7583292208373,517.333632354002,0.692778951497599
"B","B42",1982,122.782748117396,4.70815263952177,16.4561621387372,777.912991907955,0.515589065693837
"B","B42",1987,164.520541980569,6.41832613639954,19.8447619462292,768.773739304623,0.569545741407913
"B","B42",1992,154.748519926911,5.81081525495658,19.1034802197412,664.329151513971,0.601131551662716
"B","B42",1997,200.280996811545,6.50698317053568,21.8223773439356,630.520917766132,0.659486960586917
"B","B42",2002,155.325380502591,6.03961697313706,19.0116011078449,615.356056795832,0.623090369713529
"B","B43",1982,90.5608693926506,4.19660372846054,14.3037782898916,715.346077186881,0.501270580871702
"B","B43",1987,56.3194968607824,2.74854367654815,9.09237300393451,452.587211052234,0.502449496149764
"B","B43",1992,76.2946700485302,2.95492426007583,11.8465420696301,490.346998030786,0.550996667404971
"B","B43",1997,69.4886800204055,3.17364593650839,10.3919959760665,441.912002724623,0.543608849644849
"B","B44",1982,79.1446308286333,3.92341861209553,14.2268086028613,1132.31440136038,0.397351778290175
"B","B44",1992,105.518194894882,5.15661872794856,15.9037749806874,815.20079344318,0.495133996266754
"B","B51",1982,157.586305485187,5.4997292541227,18.8411428375487,697.252842483347,0.582724672304185
"B","B51",1987,167.402362935061,6.18846408362502,19.7860439903237,693.483902094712,0.598778537330967
"B","B51",1992,188.840235979488,5.78312279541645,21.927756412257,681.25254449057,0.635986595698499
"B","B51",1997,189.085521943115,6.68555356483423,21.5539723189386,674.806983452271,0.633546955423265
"B","B52",1982,120.743160277586,4.90295835239144,17.0908086061952,862.389932916343,0.499038897884354
"B","B52",1987,137.740900894077,5.75070019569926,18.3786831264051,849.353053493279,0.521456398468646
"B","B52",1992,153.077056665681,5.11610636820074,19.5912393260428,745.001844079707,0.574853543971494
"B","B52",1997,150.348771209208,5.24014306241313,18.6987063502915,686.149619914994,0.58519593293369
"B","B53",1982,94.6814965574976,3.72929048656271,15.6628442254423,823.922101292209,0.488761703704412
"B","B53",1987,136.118751716685,4.92572854033031,17.8785435931067,773.148477197258,0.539063030493405
"B","B53",1992,142.653768751931,4.64520635463853,19.581739886892,723.96729066085,0.583003414372957
"B","B53",1997,178.273074138697,6.36933818790326,22.0770171568798,819.16589515025,0.581954724401625
"B","B61",1982,120.790810920435,6.20107477096635,17.2450060096075,719.516261751862,0.548802776783848
"B","B61",1987,104.808894712174,5.59961037464849,17.2175087934425,793.200852823798,0.522274115818735
"B","B61",1997,141.088602499146,6.72517578893225,19.7685127901006,660.540086217862,0.613256756391345
"B","B62",1982,139.260804637591,5.33307757649229,18.116207471153,833.809991165877,0.522522537789809
"B","B62",1987,133.260454761218,5.6143408738885,18.5452507684577,828.419175317312,0.530391084987986
"B","B62",1997,150.823444577291,5.59858760877544,20.3274390051098,717.308231736497,0.596751278213792
"B","B70",1982,111.779400360742,4.79286491242714,16.1429395402778,753.16845718959,0.518979472659518
"B","B70",1987,113.796133922276,5.38813743030463,16.0715538857766,687.399966971259,0.542037224641315
"B","B70",1992,128.345291631024,4.61432631068111,17.8998881844676,669.092805818808,0.579811614786993
"B","B70",1997,125.70342337441,5.31932158994889,17.1735016502195,593.305575972329,0.603108077585276
"B","B81",1982,73.1334797890772,4.63103382111123,12.9993321560887,813.061970316678,0.448232794837077
"B","B81",1987,134.175260930043,6.40900906181353,19.0179111847779,890.05827671641,0.518175789661405
"B","B81",1997,107.905702685252,4.77163177917301,16.6411409276883,645.911887712016,0.568996824232166
"B","B82",1987,113.03159560517,4.98518059158143,17.4198248734861,846.589037533256,0.508499469369171
"B","B82",1997,116.780609853794,4.53169213614967,18.4886242411356,771.119470217518,0.548903999970686
"B","B91",1987,154.322177553131,4.80018395560069,19.0870843897622,785.227694518619,0.552684041343671
"B","B91",1997,145.879066183346,4.78597652091524,19.633630775904,745.14476261701,0.575419950243121
"B","B91",2002,243.22856532335,5.35062823883087,25.6846920601034,646.548245406305,0.706547956896832
"B","B92",1982,114.349626486975,4.68247505170043,16.8708605132929,882.380942332571,0.490168602795601
"B","B92",1987,122.688055253608,4.99281849654979,17.2196594797511,724.841374866049,0.546381169987607
"B","B92",1992,129.385831169277,5.1589755579845,18.4549118106767,709.964861843515,0.571534553326113
"B","B92",1997,156.094924155262,5.6512888524672,20.7510923608012,763.786078365333,0.584304921924045
"B","B92",2002,169.211376403313,5.88623927432894,20.8840970347136,693.324237461124,0.615240040229131
"C","C11",1987,125.565299362472,6.35891375872464,17.1856209886596,763.096033251141,0.531983238360689
"C","C11",1997,154.199737852191,6.38022814705071,19.4017811170521,664.058222075416,0.605930276235236
"C","C12",1982,167.562030515764,5.05246509432718,18.9740513248839,614.147802044534,0.623086750757598
"C","C12",1987,180.323153701094,8.0223791635319,21.6570283856965,838.009712367377,0.569875306602049
"C","C12",1992,194.69200676851,7.14371567303113,22.2733270080669,628.074617500619,0.667562384653317
"C","C12",1997,226.043900601949,8.44148582351478,23.8024334565617,705.17774371042,0.651277857993403
"C","C20",1982,126.795459868337,4.09652830478988,17.1422376353065,719.380937332062,0.547216551558951
"C","C20",1987,124.559517874956,4.63687679858859,17.371875785679,777.023811904261,0.530043027246758
"C","C20",1992,147.928032583609,4.85756932261933,20.0818317175753,715.943508695026,0.593700228177024
"C","C20",1997,162.263771516076,5.37303300240236,20.8083309990542,719.831514016022,0.602709626087406
"C","C20",2002,142.886581512065,4.50885057149989,19.740377022555,787.322908300726,0.56131443323425
"C","C30",1982,191.971181101144,5.3012572401742,21.9566123041305,680.935501630937,0.636553059774587
"C","C30",1987,177.814521279822,5.45879723774853,20.2584783279375,607.499107051055,0.647344586679923
"C","C30",1992,197.258211189341,5.42237795304459,22.6810710990285,595.231343274581,0.691980435992793
"C","C30",1997,217.379726110398,6.28091919679172,24.3068665319855,602.040175042279,0.712289731448647
"C","C41",1982,157.747878380199,4.89921884817202,19.1653125484792,723.715357308258,0.576871377012102
"C","C41",1987,171.362133821177,5.49994255227273,19.9893550651154,621.82582165337,0.635579596517869
"C","C41",1997,127.729490580397,4.56085416699565,17.1356415787074,640.183761969668,0.579966341212053
"C","C41",2002,152.342708541875,5.4086734262252,17.2092184684482,490.271335310156,0.664151648460481
"C","C42",1982,219.94731811667,6.08349938590086,23.2925456372524,626.045725930779,0.683770534709688
"C","C42",1987,258.538880359451,8.03744965747959,25.1055388571806,592.495619723246,0.729704683475823
"C","C42",1997,240.221837198429,7.40776278306842,25.8492703599014,615.201354126634,0.726641897213748
"C","C51",1982,135.134002547616,4.80155516135988,16.8760648532912,653.376737153529,0.569716360132453
"C","C51",1987,123.104540412514,4.94041472488167,16.4062458174479,588.751053391212,0.591757390551612
"C","C51",1992,145.924086491728,4.8915215342757,18.2923524016125,549.882831857116,0.646553744781924
"C","C51",1997,171.597838480986,6.03525625726723,20.9904238816996,628.939553428063,0.647606326050084
"C","C51",2002,165.569021534369,5.63343287307604,19.8323713983197,638.777930826451,0.624622039129573
"C","C52",1982,116.653880468994,6.03972331396019,17.797504688477,1043.47919433782,0.462959065714922
"C","C52",1987,146.477630666854,5.31819818958533,20.2261971265633,881.968888771716,0.53682831784981
"C","C52",1997,160.892443513773,6.26998955694112,22.1948608155888,940.149337696237,0.544669081228532
"C","C52",2002,133.642775154754,5.30564725842911,20.2793221599507,913.498315823457,0.52817491826385
"D","D11",1982,265.746369178685,7.21599175025842,26.5828812668545,733.886119382666,0.674670344554277
"D","D11",1987,266.859795768443,8.51535046731684,28.0338744067611,757.942054891421,0.681755250413594
"D","D11",1992,298.045617846105,9.92955751451549,29.7568731951131,712.822685583428,0.724282217908106
"D","D11",1997,269.576953319576,9.26503827245394,29.4829292450749,749.782466524565,0.702947040674514
"D","D11",2002,287.018604949108,10.3361472297212,28.9305096522818,733.671310001746,0.7039344277096
"D","D12",1982,238.100749104449,6.96697774684831,23.708055655302,668.937207735337,0.667360079968409
"D","D12",1987,244.055595372026,8.21508973901678,24.4264928953887,695.982749984774,0.664104238960913
"D","D12",1992,248.714616869664,8.57581908240896,25.873739970093,663.785006965501,0.699875542694103
"D","D12",1997,214.227258994448,6.39707896188172,23.4449889172272,542.172770319049,0.737158872058442
"D","D12",2002,252.428940925535,8.87203604194164,24.5701019370082,657.607674724626,0.685212022938049
"E","E10",1982,116.661471278363,4.67747231177848,16.631968303428,829.625280007149,0.5019214635677
"E","E10",1992,154.769354222809,5.71661809354882,21.5349619886963,869.107589340878,0.558007730519179
"E","E10",1997,125.257267885732,4.78682308527683,20.019078693761,980.956160176407,0.506409886836231
"E","E20",1982,259.352858676028,6.85702557831711,26.3138611888883,700.040171229638,0.687283219623973
"E","E20",1992,281.494433455518,8.0633950629835,29.1195269910939,688.421162764633,0.729071268646709
"E","E20",1997,249.121866028446,6.52888661162089,28.2421223434908,782.307519872251,0.673542251892377
"F","F11",1982,100.187857014045,6.31382796513286,16.4457602788887,1127.70487297651,0.428089111077884
"F","F11",1992,109.291835542534,6.51302012278031,18.1122049239101,1112.69478475055,0.4522749844433
"F","F12",1982,73.4010390477654,3.03550237694292,12.9457397745342,829.433967895352,0.442871221382178
"F","F12",1987,88.7724408248863,3.24386759417051,14.359154702119,771.028371063223,0.483764716562659
"F","F12",1992,78.1810073955058,3.49253534027087,14.1436868059411,828.862404144007,0.463068273438764
"F","F12",1997,92.8013839027234,3.6581442012535,15.1559115359468,775.129870588749,0.495688366268833
"F","F14",1982,114.387876208698,5.84370593722606,17.7886689310496,1019.62182591952,0.468227693416697
"F","F14",1992,126.429991771375,5.41631813563619,19.4649959816509,929.689579814638,0.512935915921492
"F","F15",1982,112.276216319348,4.77968482504546,17.1615287350239,894.106563132245,0.49112074201044
"F","F15",1987,149.795870633383,5.15990307611915,20.9594074302757,782.199812145891,0.580277295619742
"F","F15",1992,128.43395044653,4.9353123679348,19.7032673516786,854.913562338205,0.538161907177784
"F","F15",2002,142.887717114583,4.96485347025646,20.8894850553915,749.055393560906,0.591986538861916
"F","F21",1982,115.835513910367,6.97832618637876,15.4299711433998,499.376469098355,0.623122526610663
"F","F21",1987,139.52304009725,7.41298677868267,16.7560244184,419.517730072947,0.70845988489505
"F","F21",1997,152.127191499286,8.46931446953671,18.8569485865307,423.806118567112,0.747751046117608
"F","F21",2002,144.644121574937,7.12601401321855,17.6334457570106,396.890317273664,0.747202425903244
"F","F22",1982,89.1087148256672,3.77534160029056,13.6925977316024,457.720659316064,0.613122987623377
"F","F22",1987,145.348071257312,7.0048373000954,18.6808421169031,420.342883418627,0.747310884034917
"F","F22",1992,110.422409949136,3.74423687305141,16.8210350473235,534.149905319958,0.629071068355228
"F","F22",1997,148.374507091896,7.39082657351265,19.3422182807769,383.248556530872,0.796375348518868
"F","F23",1982,133.941810455252,5.88033038727425,18.1186805968768,643.103842806914,0.59501465755896
"F","F23",1987,166.229383176969,8.73568840504909,20.8580157270937,686.792058144262,0.617772817484079
"F","F23",1992,135.459281522718,5.79838287928983,18.6512251312763,590.903287438213,0.629796744080449
"F","F23",1997,155.353550506565,7.21306371892704,20.3164094247226,623.782402921341,0.639752292267866
"F","F30",1982,91.6694836853098,3.90223236688184,15.1606759579017,878.054819012758,0.465804199109531
"F","F30",1987,107.934759747715,4.37765438054259,17.2047665345696,779.648845281692,0.52659872573026
"F","F30",1992,96.4735995193867,3.91843238341219,16.0770126370538,745.180428705671,0.520687184317047
"F","F30",1997,142.000029246934,5.71508031985965,18.849280333801,566.36613133609,0.646701221744769
"F","F30",2002,126.658522739802,4.69339930587562,18.470175031871,706.155319514396,0.57331105998429
"F","F40",1982,48.4093876787509,1.82628403449015,10.4478346734111,756.464420861514,0.416604373293699
"F","F40",1987,54.1080169266178,1.70358670194825,12.6554638305384,806.616451771653,0.444028072049945
"F","F40",1992,62.9392513646114,2.06715113832067,13.4465581682878,778.513345017344,0.465883649347223
"F","F40",2002,66.6814511075194,1.84643960196369,13.4217584085299,760.187095229104,0.471030895762711
"F","F51",1987,108.253490632343,4.27424809545601,15.7156455153553,421.666715375771,0.68436278288723
"F","F51",1997,124.986550608415,3.9997830048417,18.2629627240908,381.43913402545,0.775671660290645
"F","F52",1987,135.455105113466,6.01152885079058,18.3608353852847,551.837601923926,0.646614598846521
"F","F52",1997,147.65661867331,6.11787592751964,20.5680351866941,529.655217655796,0.698561598582664
"F","F52",2002,170.746438549363,6.14682712645049,22.2359799600515,577.492723961332,0.695600380044569
"G","G11",1982,124.6147803807,5.60231877119268,18.7938352503782,891.352086844618,0.514740093307351
"G","G11",1992,150.832595619908,7.10137989970202,22.024151258262,854.713599165723,0.569041860393361
"G","G11",2002,132.018226033838,5.63437415624298,19.4562934453746,683.837262786084,0.597941373699268
"G","G12",1982,110.661132913739,5.0327193467653,17.7439548420832,895.191752995592,0.499082230643187
"G","G12",1987,136.538835790107,4.46683766990655,19.7437890034114,715.834935927626,0.58872670696472
"G","G12",1992,125.847615851095,4.93323490922444,19.8553326273337,798.261014102499,0.559076265821315
"G","G12",2002,158.566498404031,5.33144441861576,21.7434994056455,683.623509115762,0.632209704191918
"G","G13",1982,124.042821120599,5.71676225270225,18.8425800173317,841.654224129048,0.53040579752608
"G","G13",1987,145.299428629789,5.37178085059721,20.9572862445146,753.765255809034,0.591091068416574
"G","G13",1992,156.215787716084,7.07171722257956,22.7803959203443,758.757931787271,0.614234129243385
"G","G13",2002,170.806891263939,6.77811567648147,22.3784390840543,676.663189649267,0.64466419752352
"G","G21",1982,125.568381110682,5.79429568113909,18.4539310752771,697.745351293774,0.576502112803364
"G","G21",1987,160.716451019421,5.42852768187484,22.1528886348177,660.528167160526,0.649193918902593
"G","G21",1992,136.12545743492,7.54093288171674,20.8029779990984,764.773017261379,0.584657342933276
"G","G21",2002,160.295148986873,8.00905830920976,21.6214514913721,628.324369299466,0.657590306775521
"G","G22",1982,141.714019961501,5.5391198507565,20.1294203986708,722.082400502997,0.591871171432345
"G","G22",1987,180.36430180435,7.42483078899516,24.1499582786449,758.160089663184,0.632677900714809
"G","G22",1992,173.61483144496,6.53080924435396,25.1525582851832,811.73852322992,0.624004807336758
"G","G22",1997,135.489180518124,5.36291842418221,20.4157084554863,633.114491792784,0.63656980187677
"G","G22",2002,246.724799820185,8.9706938183906,29.6510489720994,791.714978632495,0.686025931703663
"G","G23",1982,117.488913739742,5.37590792067246,17.6516542109561,899.963353614716,0.496461099671976
"G","G23",1987,148.794973618454,7.51453594516802,21.5222809384303,856.872352171782,0.561812004844726
"G","G23",1997,192.482511817801,9.20462895796668,25.1649584195425,872.201908518157,0.602135904394236
"G","G23",2002,237.515741974017,9.66377604445555,25.8233516152461,726.096367203235,0.668519538058867
"G","G30",1982,135.239125950809,4.34274267112789,19.9082121115341,657.082169683201,0.617037019251776
"G","G30",1987,144.161742520943,5.16640256510017,22.4401340610064,711.617012202509,0.629498202880756
"G","G30",1992,146.40523769071,5.64088936249077,23.3922173921257,784.514440511309,0.612125055877205
"G","G30",1997,153.557943379809,6.67425108292371,24.7807387754856,864.748263001418,0.600091130267242
"G","G30",2002,189.552129937556,6.65589866890365,26.0561010207638,698.052584437581,0.684881723605314
"G","G41",1982,148.606812742674,7.71014008579656,20.1928265093768,934.655690456947,0.521047914273692
"G","G41",1987,167.735340169418,8.48999161304171,23.4754351262135,927.686698469506,0.563911683447369
"G","G41",1992,197.930279548101,9.06540012850443,25.4279239636506,852.726271716102,0.612146770120002
"G","G41",2002,238.815750015945,9.74720489169676,26.7924878634089,783.298775104879,0.655613261350307
"G","G42",1982,134.878029431156,5.70680652894086,21.5138354122877,822.252477650299,0.573404712058119
"G","G42",1992,223.170991515666,9.18647067498496,29.3019363204941,814.818790604872,0.672237250494894
"G","G42",1997,132.293221102719,5.425071407879,22.7317737497754,745.606911932483,0.618965769127966
"G","G50",1982,114.185511871509,3.92852750764318,18.8500941224428,710.373015684318,0.577455424777889
"G","G50",1987,142.320351850275,4.75766824819586,21.9261343122105,726.590779104788,0.615801902102758
"G","G50",1992,126.533913756514,4.45369872659893,21.0013442750767,702.407604689342,0.612962458838322
"G","G50",2002,168.465755383621,5.88108386692265,24.120660941004,672.60807516389,0.671302856923859
"G","G60",1982,58.5964473818654,2.30666158467308,11.5316469206108,612.951658037332,0.486225227522599
"G","G60",1992,66.7120378189496,2.52216969160446,13.5621023533286,630.478428922467,0.519916169996128
"G","G60",1997,46.0747777475625,1.63770703203901,10.7316357694942,539.235828614135,0.500090407228582
"G","G70",1982,84.9690096169024,3.43940452940079,17.1471644517052,717.217222403468,0.548120106826897
"G","G70",1992,93.4466990088013,3.36371935957297,17.3768242589593,658.121377773773,0.576019435658565
"G","G70",1997,91.6506868532951,3.98942023351767,18.517315427408,580.669098039722,0.633037717823362
"G","G80",1982,83.3502998393421,4.16389116635949,15.3653988221968,835.463493365463,0.480743157787307
"G","G80",1987,123.562337253418,6.82657357875523,22.224257915,904.83907750943,0.555562459760257
"G","G80",1992,137.955218005731,7.06171966562811,22.4022851808742,883.49743248732,0.564479854124849
"G","G80",1997,77.8448448545929,4.00050354620232,16.3706995206963,888.712868081797,0.481124880622391
"G","G90",1982,102.232527631179,4.50652714927166,16.9350989525076,803.577712832044,0.514617866236145
"G","G90",1987,138.779210164345,4.91165315407834,19.4861390666847,735.75205377377,0.576902059427899
"G","G90",1992,122.553751004598,4.14407318657839,19.5725600140238,748.260917953484,0.573326766052057
"G","G90",2002,149.175046485416,4.58475865227282,20.1454550527002,714.894222613936,0.595076197528233
"H","H10",1982,175.732818307581,4.77954516320168,22.2166951096608,732.842131011182,0.617219225235946
"H","H10",1987,213.555753588299,5.82011348884087,23.2902229042337,665.592370590583,0.663113068457183
"H","H10",1997,233.525249547609,6.01140860360346,26.142239081271,657.012163739143,0.707114296696771
"H","H10",2002,206.144431274711,5.86956373914116,25.0048753210567,781.624402252661,0.634042287187543
"H","H21",1982,187.488381998018,6.25983771926717,21.7936545268644,675.235803880582,0.636857447554199
"H","H21",1987,176.127741046131,4.92424027825692,20.4934358040432,536.401514181689,0.692894832229444
"H","H21",1997,201.761642273418,6.19789301758306,23.5225575300316,590.33715353613,0.707615183718169
"H","H21",2002,189.669588625539,5.32685650982073,21.3108115918646,477.696394344261,0.748736396858401
"H","H22",1982,79.6478184551952,2.32313693112547,10.786708771868,364.369159050152,0.609928045788398
"H","H22",1987,132.31291935759,3.1031716242778,16.6542248816331,449.352896280728,0.682453981301679
"H","H22",1997,95.1017300695793,2.48560331516618,12.2241591964553,304.243561642738,0.710564869916445
"H","H22",2002,142.826509944556,3.74572888610003,18.3683704011668,489.454562941034,0.686726893391391
"H","H30",1982,79.2874099558366,2.51850679733775,16.199547312572,835.458065143271,0.493621472680466
"H","H30",1987,75.8481715658125,2.30274577120275,15.2584202133392,638.268844740792,0.548097592562752
"H","H30",1997,78.7882528810219,2.45498237117773,16.5476402713031,767.723774884328,0.520439765592249
"H","H30",2002,98.1570658031338,2.41957470287035,19.5081518452581,637.172024082513,0.620275526520533
"H","H41",1982,121.498387091371,3.33721996431061,18.6857281651437,636.957573689031,0.607162153031592
"H","H41",1987,104.017787172972,2.56720518915149,15.5899655365185,502.951762131482,0.624114600472354
"H","H41",1997,138.51469180751,3.90830492448238,20.7972181692945,614.296667154052,0.652256591046918
"H","H41",2002,123.526540081653,3.00721886510589,18.6820414307241,532.842539087041,0.663770050292987
"H","H42",1982,121.332579751047,2.24196023257693,18.2126876193729,526.965977883051,0.659023138132611
"H","H42",1987,116.044076492111,2.37807969067217,16.1583098522123,423.139804644433,0.692725153180602
"H","H42",1997,129.591493380375,2.81068191732637,18.9151287154934,483.581481140022,0.701091580982373
"H","H42",2002,157.452764158075,3.21184545938392,21.0205987529048,443.121888033536,0.772086345444765
"I","I11",1982,78.5811943555898,4.1393659854448,13.3833740125944,849.100587455222,0.445049347674801
"I","I11",1987,110.560793817565,4.78033278922503,16.4582947085388,679.210542560274,0.551817081838074
"I","I11",1992,76.1264701130822,3.79182739100196,12.3388367705521,595.786418665035,0.510148650370009
"I","I11",1997,163.036842606752,5.56635974809854,21.7987923699888,503.010382739059,0.737959749325342
"I","I11",2002,125.189618032582,5.21931075031989,19.4631180816661,890.620284403682,0.524040496750346
"I","I12",1982,188.125474840841,5.55040462703186,25.7648361764779,779.274901199445,0.644574737357116
"I","I12",1987,163.839852910234,4.76377874598182,22.3030711644218,696.994481446429,0.63412167382407
"I","I12",1992,190.179852642375,4.85036390330196,26.3209889336678,744.138922974169,0.666697800918514
"I","I13",1987,64.6554970873041,2.74897319375432,13.5065778715051,736.997307920923,0.479893253683657
"I","I21",1982,117.616105758767,3.54870517258489,17.6200762300329,677.278212300969,0.5717751428932
"I","I21",1987,159.217504778839,3.38888380031599,20.308048613239,480.762662598834,0.728573990640328
"I","I21",1992,120.013877082751,3.51064393553289,17.8673886990344,561.269192526534,0.632484478663071
"I","I21",1997,177.536538548077,4.13924145770758,23.4777947736916,475.751306979833,0.78748735338829
"I","I21",2002,187.547252100386,4.59130462762885,23.8068195772122,587.495774934408,0.713597382699028
"I","I22",1982,88.3674330443072,3.28403543834927,17.1874167162371,794.506548544734,0.5213885562974
"I","I22",1992,89.4854986217642,2.86765663844798,18.1735025949421,762.725567295968,0.547192452378268
"J","J10",1982,32.0738566329895,1.66340659592648,8.80663643809058,753.793403484987,0.383163207077829
"J","J10",1992,21.6585638337793,0.782368363620835,5.18318433313943,328.186694370558,0.445494938709191
"J","J10",1997,27.6613965328489,1.10693085847848,7.81481664443435,631.732287026404,0.394273684671745
"J","J21",1982,57.3119276293952,2.37590123918792,13.8276306347186,829.029952464416,0.45781888804474
"J","J21",1992,46.5963285179981,1.56589505481624,12.9979947080103,736.86673458916,0.470813204267489
"J","J22",1982,55.6308884122056,2.50479562323062,13.3419527129943,983.779104874759,0.412824851663628
"J","J22",1987,34.1922563105598,1.36099152361036,8.24737698745036,400.184635195169,0.508900233591414
"J","J22",1997,65.577723640285,2.45117264300945,15.9615915786725,937.170714154751,0.462629875083278
"J","J22",2002,48.7132004461902,2.23888626428656,10.0635746215069,482.050033293391,0.512194616025837
"J","J23",1982,37.7540234372247,1.74059626381647,9.74573313506782,682.58408051413,0.423578698785717
"J","J23",1987,38.3560275600406,1.72839436743729,9.41578899408851,585.966436529961,0.449362596523633
"J","J23",1997,49.1260117590677,2.00930669597092,11.494270403632,670.976198478035,0.463972328166234
"J","J23",2002,42.1630290144474,1.57711931750712,10.7293744319368,506.613698339757,0.515885912401156
"J","J24",1987,52.0038738156779,1.69208087955129,9.91564030380497,396.597156439936,0.560519229090627
"J","J24",2002,65.5172473326428,2.20435795658059,13.3233894040449,559.779333219683,0.546894886094396
"J","J30",1987,43.2080139313087,1.72564036013232,11.4829603534049,461.196001235595,0.559357026736535
"J","J30",1997,45.8743683535509,1.68720545667605,12.0363932399507,446.953743240222,0.581730489656172
"J","J40",1982,39.8548415655327,1.9116130998084,10.1861284443306,803.044395021974,0.399245223030986
"J","J40",1987,41.4463693601242,1.65914062778201,10.0998978780636,678.615960733609,0.432465421437094
"J","J40",1997,49.2525085455956,1.88377975353218,12.8595296868058,819.304271964961,0.444114410255463
"J","J40",2002,51.5542516518076,1.87150748118884,12.9004349465853,774.910323813746,0.457384439035237
"K","K11",1987,47.5175147678716,1.31684182476917,10.4252603042641,411.501404481905,0.564238511127989
"K","K11",2002,46.1460141197849,1.50582756431239,10.9723441011275,600.724290435465,0.479089932674055
"K","K12",1987,162.101076511869,2.81093081612157,22.0270574767715,357.881561650176,0.879454777831665
"K","K12",2002,152.508307221945,2.93289721257463,21.5441574083706,486.928189041265,0.745653790865562
"K","K13",1987,56.3744895889604,1.87616161527272,12.4651338831843,377.135394756375,0.644473046788365
"K","K13",2002,72.3948970909606,1.92104772688698,15.6716448487024,504.735977673007,0.624640431052472
"A","A11",2007,155.448780276833,6.53495321986634,23.2011282191487,715.202607562702,0.638476532951271
"A","A12",2007,190.198061428679,8.05144926278342,26.9736354499135,902.000563346511,0.613015237095139
"A","A13",2007,179.00053907413,6.89999515228527,22.2810173448011,621.621728823216,0.671134163783949
"A","A21",2007,171.254752009237,6.79223493141569,24.9284254510131,666.101075300276,0.685776010405985
"A","A22",2007,168.502956440665,6.30645074941674,22.6426234198034,695.055179808177,0.639821252633428
"A","A30",2007,119.404127225325,5.4431717491604,18.0074594907054,716.111510110222,0.562135261050285
"B","B10",2007,185.729584466386,6.52999449080081,22.6232798367877,574.5013895807,0.703456381944799
"B","B21",2007,193.102714954055,7.70972517729896,21.9569138803174,468.116552644353,0.767738963807771
"B","B22",2007,172.475157162437,8.79066243248977,21.2081200651151,591.605058589648,0.671181657501792
"B","B23",2007,222.899084707423,8.68749239680828,24.1816444238655,556.364455501866,0.739040364728542
"B","B31",2007,182.906748561713,6.86554238003334,22.4297616038686,629.907720015413,0.668927107126314
"B","B32",2007,177.082714378069,6.58136960844778,22.283490940609,684.674415404399,0.639520538300137
"B","B33",2007,203.25962754646,6.79266885451991,23.5656439008501,671.392405545575,0.664135010677488
"B","B41",2007,180.23512311773,6.16731890028412,21.4844352802868,588.317500147117,0.677424687707154
"B","B42",2007,172.973422093896,6.36153206167806,20.7216784561741,656.305116718858,0.629889693219633
"B","B43",2007,109.107918229893,6.87392318532926,15.3488203203451,601.733806538744,0.566161361813285
"B","B44",2007,134.760613978644,5.04899055899564,19.3925770293296,749.21431356596,0.570321391949949
"B","B51",2007,192.224252115673,5.80032346154532,21.832992881662,627.541572754488,0.661211377191738
"B","B52",2007,189.35207309757,6.17188385805445,22.7158701595987,746.040879387315,0.618569223500761
"B","B53",2007,198.095167302263,6.19502481744943,22.726259254877,717.975298953805,0.630687405990708
"B","B61",2007,178.852573096825,8.19475299988175,23.4371408432929,730.119556088183,0.6351265333535
"B","B62",2007,184.799985860386,6.5464353820583,24.2186923341651,815.893485045439,0.610750096729478
"B","B70",2007,154.63381735901,5.38540495805908,20.5452667328046,669.237154836389,0.621113261268275
"B","B81",2007,120.4299369052,5.35938452969622,18.395739484966,707.492189911424,0.571613835869254
"B","B82",2007,153.556977344947,5.67850326198494,22.3758212135444,787.727469187418,0.597456690090845
"B","B91",2007,190.155113861409,4.96715578658628,23.0250404771193,694.539976006761,0.645440940446432
"B","B92",2007,195.503414528024,5.63045180230419,23.6830726632435,725.676249332107,0.640401736837208
"C","C11",2007,199.390608943963,8.71729420568789,23.3263657462852,650.421309992338,0.671322327413593
"C","C12",2007,229.80786150334,8.83163133403544,24.3763494944912,644.816013217403,0.689241404787458
"C","C20",2007,156.308333033278,4.94121242796511,20.4189597806181,726.30231623651,0.594378407820721
"C","C30",2007,196.466325375006,5.47115084146439,22.4700064886056,623.533524620403,0.672940438265154
"C","C41",2007,141.73517271671,5.36636555668886,17.3919775765534,534.41602084824,0.639498721983527
"C","C42",2007,240.740003608603,8.01787723742234,26.521478178251,650.119243172003,0.715990540242899
"C","C51",2007,170.529734489255,6.06168044229619,20.882788152838,682.141614053136,0.620243042256324
"C","C52",2007,188.634800163737,6.75018551736131,25.6197680137097,982.792871430805,0.572349792365064
"D","D11",2007,273.43722627541,9.12078654681063,28.7160798009601,688.392142393224,0.724018320282946
"D","D12",2007,257.035009619429,7.95097386613902,26.1965313984926,644.106901744913,0.714904204765872
"E","E10",2007,178.708484891727,5.77735539453451,23.5494032851508,854.737106091115,0.588408051135409
"E","E20",2007,297.429740912937,8.11972300305208,31.9111950257562,744.0996116487,0.734109640145579
"F","F11",2007,118.739104981863,6.60290873291091,19.229776047819,1036.25145611258,0.482902516182283
"F","F12",2007,93.1344387225342,3.90901162312729,15.8853196608854,862.147034782763,0.481185178686626
"F","F14",2007,129.444195073143,5.9529241304811,19.6239111671765,859.171296913759,0.535744642523926
"F","F15",2007,150.436717998969,5.50662857438216,21.6819972031249,912.007029996749,0.54658219583763
"F","F21",2007,88.2676622665668,4.62370767282595,11.6598792768198,325.893476305167,0.670523688704827
"F","F22",2007,144.070478239786,5.92628341453265,19.6154745536238,483.871220604511,0.713739028884783
"F","F23",2007,101.765629635018,5.08514332874602,14.9394892213641,556.551612988395,0.580791275358359
"F","F30",2007,130.59697102373,4.65803898821327,18.8401239270273,692.9874066538,0.584499492448343
"F","F40",2007,80.3340329916436,2.23067375438732,15.0261571391411,787.177340117326,0.489770477631953
"F","F51",2007,141.328947096288,4.88662832914277,18.9438524738472,457.811657446344,0.721100272943218
"F","F52",2007,140.864168839223,4.69527899162376,18.4610734390354,450.993101497815,0.717213503190008
"G","G11",2007,159.907741157159,6.77019887516382,21.9325365127801,797.349548709341,0.587929140194421
"G","G12",2007,191.960206245136,6.56790535455771,25.7627253891188,815.572282679095,0.630042150586724
"G","G13",2007,198.956362342093,7.51023124518796,25.9954321551925,748.535812244062,0.660613069176656
"G","G21",2007,212.215828561718,8.56215233636168,26.1442461405696,674.794757233128,0.697761726575006
"G","G22",2007,220.055433118835,7.50193279154661,27.815594312039,757.637923764205,0.679232176658105
"G","G23",2007,237.180031891229,8.80702489214935,27.34016860514,741.818677334347,0.680544681691306
"G","G30",2007,220.050216543684,6.69480318426896,30.4048702041732,822.802957730284,0.681441512717869
"G","G41",2007,235.536499924866,8.73663465725114,27.0919700184342,773.018623677599,0.663636473112528
"G","G42",2007,192.175102137921,6.18693781879377,27.1866260077953,806.734692233252,0.650754562598254
"G","G50",2007,165.016353155895,4.78380131357243,24.1979201232609,752.011517530156,0.635889575407625
"G","G60",2007,72.7590929348984,2.36228655791118,14.3348197769014,627.998661162943,0.53557672058588
"G","G70",2007,141.54599541654,4.44667239460593,25.1409608117816,879.433384209778,0.59936916092505
"G","G80",2007,167.996769355552,6.1302778864793,24.765776143917,887.605064825981,0.592135389251559
"G","G90",2007,176.206164162244,4.91774564774371,23.7581793789104,751.286889818485,0.63038896958127
"H","H10",2007,271.335168609869,6.67270886382706,32.0000841305653,826.886811892845,0.697360684687966
"H","H21",2007,283.610171367236,8.35920469465873,34.287744541865,852.041868596071,0.711121686152149
"H","H22",2007,214.87566003396,5.59860557310039,28.4921533485301,832.464141243991,0.655820217651427
"H","H30",2007,91.6248521181465,2.15469406156842,18.2302906561545,787.50078688412,0.539356889100672
"H","H41",2007,153.73874217711,3.24613709223719,23.7100949276924,704.93258778936,0.65012637385584
"H","H42",2007,182.543208528452,3.21779020843287,25.6112656725616,631.056654895096,0.714144798128049
"I","I11",2007,161.028077517939,5.29932562432522,21.8918082590276,707.664816437569,0.623493525285045
"I","I12",2007,165.328170652663,4.66729346743425,23.278150093252,769.512276417694,0.61655438052538
"I","I13",2007,80.3150091507986,2.54327973256483,16.417655346514,854.819989875873,0.491273303301695
"I","I21",2007,176.91443180707,4.3897976639243,24.3997842762578,623.240993139376,0.701406715862207
"I","I22",2007,108.138057931278,2.77940403443802,20.2828632877641,784.84967183731,0.569870693409141
"J","J10",2007,42.3258044831495,1.30628241724982,11.4987587737727,898.916048534842,0.400932116487144
"J","J21",2007,45.2801839906649,1.84877833642131,11.4628515182833,739.6139840873,0.441315019753875
"J","J22",2007,45.8007308147067,1.5710553667026,11.1762549760765,707.655347797609,0.445494335312439
"J","J23",2007,52.2210322344794,1.34345993111162,11.927344344082,666.022820389202,0.474386428301858
"J","J24",2007,68.5891384515036,1.50161567834284,14.7910000993374,672.725083510153,0.525635745392723
"J","J30",2007,64.6274227300857,1.80725750512273,16.5474415686275,643.98320650372,0.5682416844143
"J","J40",2007,64.1766665774331,1.66206887899436,15.3946757484012,910.998883484417,0.460819960795799
"K","K11",2007,59.8448377265377,1.62322991274864,15.2634078210487,718.099001740213,0.516819063342424
"K","K12",2007,172.696751646507,3.14584024639373,27.3550960705894,757.289017717226,0.673741384769319
"K","K13",2007,67.0800294204318,1.71065334628706,15.3862306863497,650.594589050744,0.5451497638607
"A","A11",2012,158.769498842052,6.45412754502916,23.9979536399636,686.555896268318,0.662756638242584
"A","A12",2012,192.599973021379,7.68718689199894,26.1157460929232,736.822430536581,0.667382372742469
"A","A13",2012,180.627550645285,7.10896334476901,22.3195679186309,597.664137872648,0.68504519554189
"A","A21",2012,167.266184443638,6.94472836322342,25.4464548303085,758.902569598201,0.649120856046114
"A","A22",2012,160.816432439353,6.24500065205015,22.3132617274081,685.065709834705,0.639764807961416
"A","A30",2012,147.449445612472,6.70720365391567,22.0239247742261,839.799211621996,0.574069611771705
"B","B10",2012,192.317686594751,6.05376478156183,23.0205394555347,534.194453931654,0.735890155079355
"B","B21",2012,180.654366578914,7.39634491812529,22.0155515097592,633.041013966817,0.661079656167527
"B","B22",2012,182.169700307981,7.73395444412454,22.3854358299768,548.607711289316,0.716072103949076
"B","B23",2012,241.111467659042,7.78379178273589,26.6959652157131,605.311407633718,0.744454769346656
"B","B31",2012,173.788718749783,5.99810784634592,20.3339270008232,506.640202935553,0.710175584807738
"B","B32",2012,174.284491101808,6.10419155535176,21.0385111395707,606.594754903925,0.660181131631003
"B","B33",2012,211.736853069889,6.42258748209095,23.4135628813807,630.84939727447,0.682929446195043
"B","B41",2012,172.853402825783,5.58778598994647,20.4529726668969,556.757328748154,0.679438542977498
"B","B42",2012,174.368678942051,6.20390221078292,20.9761289599593,655.169099547801,0.63429443501513
"B","B43",2012,117.891181997217,6.21091240181529,16.75139384661,657.758309150449,0.565714402124314
"B","B44",2012,141.52103022181,4.44886283800102,20.0094649257654,755.389058050012,0.576948866972321
"B","B51",2012,203.779201966086,6.84562361959901,23.5517431344117,692.673511120521,0.653660392083349
"B","B52",2012,203.642768458035,6.42175690420195,23.9947043597672,773.203378556308,0.624476014422914
"B","B53",2012,201.175042667887,5.94192307912707,23.6718966586547,750.696947672273,0.629490434475813
"B","B61",2012,184.595021320071,7.96114137393632,23.9039224919376,720.412335183276,0.645727002543979
"B","B62",2012,199.118185879927,6.80928371787519,23.9745554413511,698.251558445255,0.656862178885311
"B","B70",2012,150.475538044038,5.36268668837742,19.9156401040428,663.038840865494,0.614373651164249
"B","B81",2012,144.42740312943,6.31019552302105,20.2576034405541,719.665750802165,0.59474876261462
"B","B82",2012,149.030344002309,5.27007455181479,21.273084756399,781.177210007564,0.584985881826106
"B","B91",2012,203.107980199284,5.64715065915419,23.6926850927133,704.11725010326,0.650263805008203
"B","B92",2012,206.189821326532,6.86039703305567,24.4803700543745,727.819582034018,0.650132763927216
"C","C11",2012,194.689257271345,6.5232642825487,22.62400880596,606.900133080572,0.684433244757688
"C","C12",2012,244.976720204753,8.26674734169836,25.7651337031553,630.009420921133,0.71688189176428
"C","C20",2012,164.410344631271,5.32933412129906,21.2671919164312,751.790823450548,0.596226804901116
"C","C30",2012,204.482247667018,5.77797546825765,23.3899542374624,642.25876039867,0.676495013448857
"C","C41",2012,158.209095210576,6.10406905166841,19.4565203236664,633.213219617912,0.621387527007262
"C","C42",2012,253.206821900882,7.77336084670607,26.2199514334402,635.453545207327,0.720077050823233
"C","C51",2012,196.415372643975,7.00094927402627,22.6369170196172,644.233947260238,0.66449507818767
"C","C52",2012,198.309209942832,7.11747925124294,26.4095876320949,953.914782122173,0.589835561215152
"D","D11",2012,294.714383972156,10.3872292552449,30.6669218956088,747.660481785033,0.717939440795293
"D","D12",2012,236.913349725678,8.21477267336234,24.2828696781715,623.111908313526,0.699796733528176
"E","E10",2012,192.224780655395,6.80993684248271,24.7799667021157,898.925392092506,0.588563691755227
"E","E20",2012,293.958998614019,8.87210289216373,31.5766380825434,734.505625819147,0.735005033858322
"F","F11",2012,127.296911335087,7.64484551089252,20.9153611556744,1093.40009870362,0.490284385030559
"F","F12",2012,115.224213057031,5.21374072726802,18.5223580516834,945.275873036733,0.496219449958866
"F","F14",2012,138.097620530757,6.93837894893688,20.8385295708563,941.406087434469,0.527411950534501
"F","F15",2012,152.07322132479,5.28694305530036,22.2118496735752,921.374257723727,0.550401054941218
"F","F21",2012,75.8744475891499,4.4764208259818,10.6225323560052,333.434162267102,0.632723429391488
"F","F22",2012,141.093943600116,5.46935880237487,19.9555852066122,472.140349524816,0.728788661911122
"F","F23",2012,123.010306885893,5.62291046846349,18.1358225238766,668.767742356142,0.5837621087915
"F","F30",2012,142.858307745704,4.81452450070595,20.3732835535362,731.34066038257,0.591664601867881
"F","F40",2012,87.6553715768753,2.34670359445773,16.0095282797768,830.47121379863,0.492189005441079
"F","F51",2012,160.910432730971,5.20077997312215,21.3010370850149,472.590160184439,0.752597842165775
"F","F52",2012,168.167479138567,5.89674850364733,21.292445896448,432.855615479254,0.786223788874894
"G","G11",2012,181.554855130155,7.22533530221867,24.4874836740624,829.219452371477,0.609175279155583
"G","G12",2012,195.718973562413,6.63378952493114,25.7316118988864,788.097698678317,0.640543160905237
"G","G13",2012,206.084369349536,7.47083719107929,26.3028456202994,740.716033057789,0.668006098559863
"G","G21",2012,212.993013451255,8.46720382966743,25.1117373767568,658.349581718805,0.692332996329985
"G","G22",2012,252.774213793039,9.00363104362469,30.1094472315785,780.277553988862,0.696356712541628
"G","G23",2012,232.653312475012,8.87853729339362,26.4820247896593,781.561944750626,0.652527506363277
"G","G30",2012,222.383922609557,7.07325603749446,29.65377349976,764.376753672455,0.698218223384226
"G","G41",2012,246.177859103676,9.47041781695624,26.7498133122066,705.322888487786,0.690353166202853
"G","G42",2012,199.694587493526,7.01273067425803,27.557059403351,771.647862609493,0.669902794466768
"G","G50",2012,171.278124941915,4.80119742144235,24.4493622792958,705.623521811514,0.659860565901242
"G","G60",2012,85.6940534251002,2.44067890622293,15.2252020560138,652.676428439808,0.541423996557339
"G","G70",2012,134.752125237422,4.27839671198743,24.8584204883171,873.419867107867,0.598039905026048
"G","G80",2012,191.731198376574,6.85818046506853,26.200566676409,854.583755329652,0.620701732679058
"G","G90",2012,155.48049999816,5.34509341315096,21.3798303616572,725.189328382417,0.608669243683197
"H","H10",2012,312.747703234439,7.69734565569625,35.4420915401931,881.963006539057,0.710623260343414
"H","H21",2012,292.716681283742,7.83848557847649,33.9996740637616,760.661518615041,0.749456767891966
"H","H22",2012,212.86284416298,5.33294412696391,27.60093450932,725.062715477435,0.691638306460463
"H","H30",2012,95.6940717244729,2.38526421912472,19.2349686286155,826.607059456361,0.54075571524997
"H","H41",2012,154.338314047497,3.17083430628363,24.1116364844666,726.155541871537,0.645956760188409
"H","H42",2012,163.665223772353,3.07083302167711,23.5180592300829,616.247965290871,0.692512987653346
"I","I11",2012,179.175770454741,5.65405874991181,23.6573316930073,695.265161573675,0.653901867086471
"I","I12",2012,195.431850254178,5.34594144763333,27.1837746552825,866.231070653789,0.627975837875209
"I","I13",2012,87.1621211975484,2.80096309915535,17.6247410827578,889.239303730666,0.499064846603775
"I","I21",2012,191.647588447881,4.54003748896205,25.7757049406642,639.718748254096,0.711566786400672
"I","I22",2012,115.77041064281,2.71445844677607,21.7959494237402,788.342308907111,0.589434307882416
"J","J10",2012,43.0836805713859,1.44527225453076,12.095632110817,943.041782284949,0.401470601947953
"J","J21",2012,46.954418325834,1.63067998304325,13.0433654934531,769.327548971356,0.461576959227135
"J","J22",2012,60.707059906006,2.15156458218937,13.9003041597571,825.861952125811,0.459899941675357
"J","J23",2012,59.6959437255498,1.74364309217166,14.0168145482735,799.540739414672,0.469363481892898
"J","J24",2012,68.9534138409139,1.65138903361329,13.6177945638784,468.059206085794,0.604655385381732
"J","J30",2012,59.8461833272123,1.60133027608522,14.8420008685743,579.382036931536,0.56737297432582
"J","J40",2012,61.4802450185244,1.71777791444171,14.9069779177711,898.079875694222,0.456711822226401
"K","K11",2012,67.1827745537596,1.57299735539256,16.9399670080088,868.489961555953,0.495083908173989
"K","K12",2012,214.140529983357,3.49620356124056,32.910115769711,895.884127068436,0.679428430785201
"K","K13",2012,101.170767428242,2.49869249368524,21.863753366573,863.292487942681,0.564141840289455
"A","A11",2017,181.6668922087,6.45802270672023,25.3950152720268,609.122926258523,0.723813532149559
"A","A12",2017,211.744914097827,6.68656601604939,27.155873557833,639.260349532756,0.730630734190497
"A","A13",2017,196.339479814161,6.26041459445361,23.1545768337775,500.922607861004,0.762145763253192
"A","A21",2017,162.538533059928,6.12298970005257,23.0497924121148,579.365594292566,0.707069478395801
"A","A22",2017,167.740692321813,5.15192089311269,21.6837237067026,611.605849405762,0.66747660646535
"A","A30",2017,143.936503515304,5.45979534175347,19.9598303468448,660.986762401694,0.616008881561038
"B","B10",2017,184.765305788475,5.41622671871867,21.1360134386771,463.716683245794,0.756815659782103
"B","B21",2017,180.572441168131,6.98974183659479,22.2904997024357,612.315159400355,0.676359085788641
"B","B22",2017,140.836290786869,5.80896922528633,17.8925562078048,496.128611573106,0.673199818809405
"B","B23",2017,207.021691986482,6.62152687562121,22.7860170732083,511.66880688449,0.748074188959297
"B","B31",2017,182.521957610098,5.95893478652666,22.0458383614279,577.715829804677,0.692486175278504
"B","B32",2017,178.972375932281,5.93489889769439,21.9034275739381,608.345940859215,0.67264460807204
"B","B33",2017,214.313143249159,6.10997079506156,24.3188278770874,633.650154209631,0.69446678485341
"B","B41",2017,189.460350143439,5.64333124764031,21.8654548446898,580.321767287182,0.688097150817194
"B","B42",2017,200.037630392479,6.12581118312561,22.5657274307903,637.643027055701,0.666869405833975
"B","B43",2017,110.227809326261,6.19778384414423,15.994208489517,682.517775593449,0.542661892552473
"B","B44",2017,156.786565151001,5.39124099882901,20.8714653338616,807.944231201184,0.569758365247513
"B","B51",2017,210.181134600245,6.27102395278945,22.9287730317338,689.585288671025,0.646399996984195
"B","B52",2017,212.244686345216,5.97822129647127,24.0092336268971,761.785290208393,0.629329064915869
"B","B53",2017,218.763011704983,6.23779038002324,24.0131114504326,738.639889178162,0.639164685242525
"B","B61",2017,175.509805564462,7.31885774488595,22.1126119520299,624.507009455934,0.667046785622106
"B","B62",2017,206.115149406481,7.01760155767304,24.0940399952117,715.240263514087,0.650629526371438
"B","B70",2017,164.389890758457,5.17388281463921,20.7835278035584,637.531562218137,0.640049732331895
"B","B81",2017,155.362020973351,6.30083374133147,21.1821423961201,762.238118205101,0.590941570444264
"B","B82",2017,150.290217806467,5.3248061806234,20.9494568877164,760.629079393002,0.588308135089704
"B","B91",2017,194.866563666031,5.37663610156682,22.6616679314419,674.115877833912,0.64995544961697
"B","B92",2017,214.12105610915,6.75945566623625,24.6845666455499,756.585125220706,0.640307791246668
"C","C11",2017,244.18945914631,7.63120901534718,25.6961484976939,627.987805092175,0.717072955903613
"C","C12",2017,212.004750804556,6.03222370216498,22.7865597684426,519.250061241123,0.742601863577884
"C","C20",2017,172.401474365127,4.752651427395,21.6448997835787,745.395952121792,0.604072696798684
"C","C30",2017,220.663600608105,5.76128563550431,24.6140693150023,682.065182719288,0.673416419441347
"C","C41",2017,166.694963703808,6.84113772444518,20.7353125531061,664.797770914469,0.626059266067611
"C","C42",2017,307.018629585375,6.73648894969731,29.55557342309,514.485170315602,0.849646350586157
"C","C51",2017,208.622706690108,6.30978734953779,23.2597937330548,676.140930664482,0.657490145585351
"C","C52",2017,203.510731394085,6.94751062127007,27.1264505974721,961.704899148587,0.59536116644573
"D","D11",2017,308.500247852579,9.21475281221536,30.7016202840459,677.922185234302,0.754389537738242
"D","D12",2017,256.324910562217,7.89989541727882,25.9646743058655,705.86178243698,0.679886687267339
"E","E10",2017,216.175371158775,6.66166459028941,26.3666896419261,870.637053692949,0.616899136547578
"E","E20",2017,323.719873905246,9.27186659463412,32.5900663853482,697.043787089131,0.766509469067049
"F","F11",2017,143.216908731617,7.14504343640968,21.6448134120499,1028.02229148994,0.51437587249571
"F","F12",2017,127.026367854671,5.08573081925897,20.6056061853398,1081.30856605152,0.489353622907958
"F","F14",2017,160.300957109786,5.95454166806013,23.6794686669601,959.933685566285,0.556762905567587
"F","F15",2017,168.082376879778,5.27361344384698,23.1978204757526,887.975379722557,0.572964957446595
"F","F21",2017,86.1418222662552,5.47894594686735,12.4478704138747,418.557079684585,0.611329164687309
"F","F22",2017,144.062331658783,5.58868101684354,19.9086702312551,485.483591093612,0.717858390077863
"F","F23",2017,124.819574593644,5.72934251218984,18.0498270823747,625.902291996156,0.60198848483755
"F","F30",2017,157.558862793569,4.87069695289144,21.5658872170782,731.387426876975,0.608716188481342
"F","F40",2017,85.0367897721052,1.90731522525374,15.6358138862545,772.949197930038,0.504184746823852
"F","F51",2017,156.417434594064,5.64700861446726,21.2849412863085,570.392605448088,0.684784965684243
"F","F52",2017,168.820973652972,5.91196105500636,21.2013995096234,525.709271782239,0.71189243614769
"G","G11",2017,182.235003536753,7.57019039132267,24.7679246739328,854.481845501884,0.603529247350984
"G","G12",2017,214.203771801269,6.92170879079508,27.0579281356948,847.953458778266,0.633236869900804
"G","G13",2017,226.367415794549,7.19575654226454,27.3486191714233,717.309951077048,0.69218025416591
"G","G21",2017,246.808144833895,8.21462584376353,27.2899351326283,605.455681827652,0.752601369259336
"G","G22",2017,255.660267357585,8.34203497968758,29.7424203803869,754.227144100788,0.703950313522986
"G","G23",2017,264.774051736049,8.35227573366268,27.715152448106,668.858327888327,0.721599956753466
"G","G30",2017,235.337447749456,6.66714194169612,31.1313403013389,766.683860885792,0.714324721948064
"G","G41",2017,239.249884621528,7.93808137566074,25.5592277018028,660.763230568955,0.697197564942185
"G","G42",2017,219.837968438366,7.47050553106558,30.2114019687905,862.752713066466,0.663356829662696
"G","G50",2017,198.451611863522,5.54960870782312,27.5562189776934,765.452709349769,0.67259798722738
"G","G60",2017,98.9811472447278,2.54416417966674,17.8010509546052,736.410878393226,0.551147264213011
"G","G70",2017,171.820339822335,5.24494618765604,28.9737325850865,957.95638422051,0.61650171305309
"G","G80",2017,184.95144382677,6.24385782946428,25.6764089154417,869.092800654395,0.609310970544251
"G","G90",2017,174.365261803086,5.42184546409349,23.890578791131,762.373615181772,0.627529777822606
"H","H10",2017,344.638419937749,7.53375947653853,36.9586687454916,877.988754088154,0.727308419618675
"H","H21",2017,319.44595650539,8.61571111244654,36.5904865820929,819.554722877805,0.749031437380486
"H","H22",2017,221.09049457842,5.11131284823479,28.8007925832353,759.711903673155,0.69021228681539
"H","H30",2017,105.082789496125,2.52760307118919,20.9007270478682,866.762487757337,0.55047243328147
"H","H41",2017,172.771224070274,3.42791397346615,25.0430124065948,697.636776014069,0.671635329837833
"H","H42",2017,143.937326336642,3.0155611807203,20.8848588739436,590.831222026734,0.666482861185016
"I","I11",2017,175.831182665544,5.10437575747483,22.967187115387,670.470789463479,0.656098289518535
"I","I12",2017,199.257386348133,4.82592346883227,26.9575531615738,835.422894970943,0.636783762447293
"I","I13",2017,110.076243014677,3.15493647132271,20.2733506313455,1024.29763510059,0.498717505676053
"I","I21",2017,224.805158794925,5.11282267697974,28.1673460283828,673.282227001592,0.725068973119878
"I","I22",2017,139.437471999632,3.60823308522696,22.5019292848816,769.954581367802,0.606013440154194
"J","J10",2017,46.2264158307544,1.31385935380268,12.5538421158229,982.343073985619,0.400739054768085
"J","J21",2017,65.2659934461876,1.91178057129701,17.0882829703125,1074.8732322429,0.446967063532627
"J","J22",2017,68.537701438402,2.01114830244337,15.6142658822909,833.513495519779,0.485187271759195
"J","J23",2017,58.0623009783454,1.64150594512566,13.2354182221177,733.731542796945,0.47610766318017
"J","J30",2017,59.3902844556582,1.601780265635,14.0938864697922,484.176113512738,0.604809544857762
"J","J40",2017,72.7186525452638,2.09844768448868,17.4513956150336,999.933444589176,0.468311116306582
"K","K11",2017,67.7774245702391,1.703773014564,15.5382927059104,886.578068741988,0.469297336286251
"K","K12",2017,215.478161656853,3.60406190131858,30.4170386285601,656.35292578498,0.763123247450452
"K","K13",2017,76.6581974485519,1.74784243568274,18.4619739993777,750.223245271835,0.556094681257289
"A","A11",2022,162.442619994724,5.861264415177,23.9449700576771,681.468986013677,0.6644908931811
"A","A12",2022,223.753829532742,7.69467415918601,28.2818664581832,574.788094746506,0.78633043158625
"A","A13",2022,176.483220474835,5.31239258829607,20.6705499835116,398.582768142016,0.807275344382688
"A","A21",2022,171.821915312751,6.06873181002791,25.1332863295772,527.260261281322,0.773957389710927
"A","A22",2022,211.755516525623,5.58515533849361,25.6931791046164,588.616582707704,0.740623703882884
"A","A30",2022,137.704912085967,6.10328740980404,19.9381494384581,776.634833447335,0.567987689059339
"B","B10",2022,180.532631374599,5.57646389827936,21.2639485084645,587.480188800219,0.674419742584162
"B","B22",2022,165.187019211858,5.23833510262075,21.7554483908175,676.184642981926,0.635852377968747
"B","B23",2022,206.25732985034,5.54785344754261,20.8292706124646,456.556569266777,0.757172208554777
"B","B31",2022,212.222062479692,6.00191061565464,25.6497510460281,617.895795302354,0.722252226258843
"B","B32",2022,192.496664757161,5.480366947484,22.9922335185676,669.021455226651,0.657166611210522
"B","B33",2022,246.1096753884,6.3643969366356,25.9935101293242,640.9411011871,0.713885130151288
"B","B41",2022,194.969799267618,5.02830727136407,22.1041514953135,535.592097872443,0.720153002696724
"B","B42",2022,199.155976988658,5.29883020054776,21.8602533936794,538.565369208986,0.714189261525172
"B","B43",2022,98.7602553475958,4.32175574061639,14.4939816062075,562.240245610538,0.569164520673933
"B","B44",2022,150.503366680989,4.21382982797544,20.9248309219016,787.924302128549,0.577688421145331
"B","B51",2022,212.894622905348,5.49521381382502,22.995244593336,610.757160264485,0.687843543549278
"B","B52",2022,224.249152662754,5.79799007784704,25.0444858411144,757.149710007375,0.644718469662293
"B","B53",2022,216.967290493201,5.77179330063797,23.8810538146386,676.568729838476,0.666002278500079
"B","B61",2022,183.680238189328,6.21000757059843,22.1918574513452,543.142276978787,0.716547449882099
"B","B62",2022,209.665621207272,5.83942149052437,24.0484471035249,680.84903668569,0.66622823937817
"B","B70",2022,163.216754343792,4.74818069257394,20.1215048665071,569.375519043299,0.666401193058727
"B","B81",2022,165.038721298202,6.08942660641742,21.8751908406067,772.598901131367,0.596490888613704
"B","B82",2022,159.990484015123,4.64342652349798,21.064384060862,689.754600562165,0.619486735065707
"B","B91",2022,193.203459068704,4.29808939917322,22.2440212709749,629.645130961785,0.66629055689165
"B","B92",2022,204.569647453954,5.46176594862709,23.8442766254768,643.915602018091,0.682154162808528
"C","C11",2022,198.026694879086,5.34639350024245,22.3819992770344,607.14193570211,0.680627128473859
"C","C12",2022,180.319244796255,6.10280389145783,19.4014151612603,568.478014616142,0.654884633124431
"C","C20",2022,163.437446100487,4.28910505345294,20.7170397236626,704.575176812518,0.607862164577579
"C","C30",2022,216.471333043362,5.09655482160749,23.9854156009301,624.115824345698,0.694937838178257
"C","C41",2022,178.232660410219,6.00142718894831,21.4819942973844,691.064318324314,0.625004286163535
"C","C42",2022,301.685750593246,6.94540138696803,28.7107708202361,520.441362644057,0.832609679777154
"C","C51",2022,202.61666459451,5.82637553344354,22.742534898257,628.490203167902,0.674334082812817
"C","C52",2022,191.223943352823,6.63116797761241,26.1462071966506,956.424996673023,0.586116330797702
"D","D11",2022,294.825257476354,8.38348739659167,29.5163683807699,657.419611324668,0.751129926279264
"D","D12",2022,254.246552758466,6.91480190346262,25.7270263412363,651.308251872931,0.704541269019123
"E","E10",2022,199.685650492754,5.37892432509365,24.6923151021817,815.932109182197,0.616678525253128
"E","E20",2022,314.511609653202,7.717419997632,31.5283930973139,681.012609914015,0.762743075410592
"F","F11",2022,143.405244401628,6.42952825894484,21.5665964879738,939.401025801496,0.537118638859307
"F","F12",2022,130.490289655986,5.68651488640217,20.2963574376775,926.127731134558,0.52478152718919
"F","F14",2022,176.267603729302,6.36252599418353,26.164950021499,1076.14399601174,0.552751198942329
"F","F15",2022,163.534007068415,5.2533017949033,22.0650471955375,783.08037946077,0.595051002316477
"F","F21",2022,91.0991554149215,6.23013840183543,13.5223329311799,438.427133206991,0.622561173873345
"F","F22",2022,132.500271110579,4.8489203809298,18.6201535434988,422.55086695135,0.744144133656755
"F","F23",2022,139.790513667849,6.81718998236479,20.0599409023577,686.945737460798,0.605771085826689
"F","F30",2022,168.02057416544,4.73905856991377,23.0010329098389,716.251777968008,0.635251567234367
"F","F40",2022,82.2736169131253,2.10561322153626,15.4506057181378,729.631162865419,0.515853046455267
"F","F51",2022,161.192859560998,5.26216276264748,21.4129405765364,431.727574773764,0.789474657960817
"F","F52",2022,168.076826883078,5.47830598870413,21.6033299956043,481.611560503761,0.750787148931012
"G","G11",2022,164.435293735304,6.22037098825988,22.524316710319,686.14274100634,0.642278682855386
"G","G12",2022,170.78061686209,5.05087845824895,22.3479406123734,635.829182831387,0.664589472976056
"G","G13",2022,216.010404694205,6.66469548586688,26.2672890588866,703.34360673263,0.685060278211565
"G","G21",2022,187.825356781165,6.67687281270772,22.5145844791418,571.440583713941,0.703641360644076
"G","G22",2022,282.477672060143,8.11312225495646,32.0309018591405,737.373099936396,0.738832294645122
"G","G23",2022,226.611320606724,6.6222917506745,25.3444969549159,639.925912751784,0.705475476486177
"G","G30",2022,230.982085392639,5.87511071335075,32.1418076335515,845.712757862853,0.691080501480932
"G","G41",2022,234.429213421974,8.08859326757517,27.4102259356181,724.512724463005,0.689506287876443
"G","G42",2022,209.207957367157,6.64768582175578,29.239584576234,803.9924294207,0.676027793384518
"G","G50",2022,171.077026238964,4.38257388740977,25.7296833812,721.535856627853,0.66941153849662
"G","G60",2022,95.3011257469915,2.50000225603949,17.2129107852904,702.266802722702,0.554984713860155
"G","G70",2022,175.732901955436,4.71875644135762,29.4511893270522,924.779119388036,0.63261187968973
"G","G80",2022,180.211711471809,5.57548082090555,24.1961134628422,808.575701560189,0.613221530980108
"G","G90",2022,164.851554099438,4.5532191381236,23.0245862172531,669.127500259116,0.657576689509987
"H","H10",2022,338.820626230814,7.29190002065553,36.77122064109,801.834618893358,0.759130698078779
"H","H21",2022,301.524326796168,7.69879741693983,32.2274519037133,567.038000688066,0.845107263104532
"H","H22",2022,242.118314930957,5.43553068411992,30.265598973267,673.738891934616,0.751335240975153
"H","H30",2022,84.8996225269525,2.0964268304257,17.3938900143515,762.837570885988,0.535287688150572
"H","H41",2022,172.760123911012,3.91414593385847,25.6210541801681,722.487998247834,0.667556625874977
"H","H42",2022,176.683195584792,2.86218047109815,24.4116677297136,618.378608455691,0.704330391258668
"I","I11",2022,208.653034325733,5.87328312056209,26.3253178784819,695.25003096256,0.689796895694088
"I","I12",2022,249.138692726978,6.0620848304338,29.5597543256129,698.923226249256,0.729021951763665
"I","I21",2022,211.586043996399,4.95053121207158,28.0783803494662,775.781546960068,0.674405705545262
"I","I22",2022,123.965570132512,2.93865805586833,22.5954276659041,685.855166261567,0.643426594822311
"J","J10",2022,43.0143916009618,1.19599141568777,12.1987519746485,875.04895893388,0.418549142435537
"J","J22",2022,67.4011487423125,1.73946183320459,14.5418443727525,766.596819995632,0.488237543175509
"J","J23",2022,56.9311413223,1.56007053858107,12.3791570021547,594.134403212875,0.511691399142608
"J","J30",2022,46.4496134208659,1.19630312965882,11.9917456773797,450.57624037665,0.578311719293184
"J","J40",2022,81.8778146648503,2.17693610593329,18.6127885396628,949.325196145903,0.496367284912261
"K","K11",2022,70.826567488168,1.73909708206142,18.7997097259931,984.49569997637,0.489861820373967
"K","K12",2022,222.119189235716,3.69848100469323,31.07951228457,1006.21088418149,0.623013595678372
"K","K13",2022,72.0306688537522,1.70197822945586,16.8331831445739,1098.89396230118,0.438742961786009
