"greco","ser","year","V","PV","GTOT","NT","mqd","pvv"
"Grand ouest","A11",1982,108.154936636713,5.55137668916534,17.8236343931842,819.345708122152,0.166425396500939,0.0513280009382478
"Grand ouest","A11",1987,94.4700849847209,4.61388213069289,17.6107987026747,772.705354482249,0.170348229823494,0.0488396102474038
"Grand ouest","A11",1997,121.377847378458,6.51182845474503,20.3961514062253,788.555596355683,0.181473415771774,0.0536492333270754
"Grand ouest","A11",2002,94.377166643815,4.2392788673486,14.955265955448,465.598328782552,0.202230391798734,0.0449184799470395
"Grand ouest","A12",1982,106.131569490362,4.79512640534424,16.5911455128841,714.045360229869,0.172000751621585,0.0451809619736159
"Grand ouest","A12",1997,153.108138653691,7.29290577408921,22.9032607061093,830.108964156907,0.187428731434873,0.0476323847851401
"Grand ouest","A13",1982,139.605906510551,5.49748988532888,18.5526632460146,696.496389125367,0.184161462637392,0.0393786339184252
"Grand ouest","A13",1987,138.345048501442,6.19892802233293,18.7787610134412,689.908657544877,0.186162725836739,0.0448077331966695
"Grand ouest","A13",1997,167.020925775399,6.06788791287018,20.7657696812123,601.953112467982,0.209578990225329,0.036330105851706
"Grand ouest","A13",2002,138.162106276162,5.73170802655305,18.5474463214815,584.452197015026,0.201012295437618,0.0414853839525026
"Grand ouest","A21",1982,100.312569975336,5.66848770563933,16.0954311731429,631.442060112622,0.180152218069197,0.0565082492356944
"Grand ouest","A21",1997,123.638227026746,5.93754791407467,19.3368509207934,594.521663317354,0.203499849201649,0.0480235608101227
"Grand ouest","A22",1982,120.914412392704,5.01179782676952,17.5976167474395,856.758519919354,0.161715918183593,0.0414491351989724
"Grand ouest","A22",1987,119.281762508092,5.14189436864916,17.5325061074156,727.615211711404,0.175156465834514,0.0431071293761301
"Grand ouest","A22",1997,140.081819327164,5.43226433721405,19.3435629008257,657.825411050697,0.193494208866997,0.038779224622482
"Grand ouest","A22",2002,124.640935950507,4.94059936208048,17.951732499428,567.795483084664,0.200637578069711,0.0396386574314744
"Grand ouest","A30",1982,96.1016148230544,5.55981052584102,15.0459588805095,901.491092098157,0.145775411074396,0.057853455803817
"Grand ouest","A30",1992,103.863234870675,4.84432948630316,16.180978469601,686.241746253504,0.173268207407614,0.0466414269913222
"Grand ouest","A30",1997,103.428413134981,5.0477362321826,17.0462662765168,754.067916336481,0.169654139946502,0.0488041542858727
"Centre nord","B10",1982,135.253289629981,4.75381200625554,17.2453415717971,600.616980574815,0.191201879253106,0.0351474778858301
"Centre nord","B10",1987,154.779690644525,5.18223228415094,18.5785907590838,491.094386288084,0.219471917806534,0.0334813454050164
"Centre nord","B10",1992,168.665511599782,5.1197063595897,20.7903091827437,544.123793142961,0.22056503890244,0.0303541981465541
"Centre nord","B10",2002,162.975028721118,5.75451473257964,19.5343656599427,487.016455029417,0.225986709287933,0.0353091806624359
"Centre nord","B21",1987,133.57850676346,4.61882448688498,16.7890882221948,482.383803406568,0.210509769739116,0.0345776023313689
"Centre nord","B21",2002,132.392999420653,4.64514459216977,16.4615139564385,436.887270812156,0.219030831045712,0.0350860288119217
"Centre nord","B22",1982,87.2406154102434,4.26599143344941,13.2241693618199,633.844334809724,0.162985119073875,0.0488991442046673
"Centre nord","B22",1987,141.52559008255,6.17807480338319,19.6858100947329,747.990945047007,0.183055817256402,0.043653411370902
"Centre nord","B23",1982,154.968769449979,6.21093470296735,18.4705659441094,636.149431135935,0.192271798647267,0.0400786218088422
"Centre nord","B23",1987,160.821798758694,4.77474521973661,18.7562468425493,509.6910148129,0.216458448047862,0.0296896643153514
"Centre nord","B23",1992,154.205459538763,6.96113013391751,19.2311152414159,633.559591992102,0.196590967164896,0.0451419175088784
"Centre nord","B23",2002,193.854499465201,6.85393238103025,22.3040543945305,539.20689969501,0.229492896155629,0.0353560655024188
"Centre nord","B31",1987,144.866873573601,5.98212779889026,18.8608309839492,618.203585629597,0.197092324288352,0.041293966324544
"Centre nord","B31",2002,137.064395473088,5.05204464551646,17.3164235079051,466.498549676117,0.217399734708229,0.0368589131267748
"Centre nord","B32",1982,102.637219556286,4.63135777438859,16.4798036329588,1098.31425039296,0.138219006283169,0.0451235701279764
"Centre nord","B32",1987,139.847924796861,5.61863280172395,18.64213364679,677.479508746337,0.187177992843043,0.0401767334759197
"Centre nord","B32",1992,159.330409607677,6.1446718689879,21.5091710818875,956.403254365423,0.169217928258116,0.0385655938757584
"Centre nord","B32",2002,132.067728345378,5.19853341169992,16.4426565582551,502.368022610117,0.204140915685028,0.0393626321648006
"Centre nord","B33",1982,142.371331745905,5.14054226320818,18.2029430529945,826.363980782307,0.167471216489655,0.0361065826958948
"Centre nord","B33",1987,196.902910956643,6.76202482986064,21.2573469835171,680.603428472579,0.199417158581331,0.0343419241341211
"Centre nord","B33",1992,169.211661062536,5.5938742215745,20.8164551763579,719.482543341361,0.191932409999856,0.0330584440011327
"Centre nord","B33",1997,177.722291388184,6.41035471255203,21.6304291247002,694.85920125484,0.199085312265192,0.0360695029446273
"Centre nord","B33",2002,195.351289268844,6.75326032421153,21.2672695002871,571.120630606693,0.217744403908598,0.0345698272557476
"Centre nord","B41",1982,136.298188784947,4.52991391613734,17.70515920425,717.446064024801,0.177259838292035,0.0332353199739485
"Centre nord","B41",1992,158.019886917512,5.19150339570068,19.3508758345491,569.489879278858,0.207999536530922,0.0328534812735988
"Centre nord","B41",2002,166.982777553178,5.59378304465998,19.7583292208373,517.333632354002,0.220518389201727,0.0334991615699922
"Centre nord","B42",1982,122.782748117396,4.70815263952177,16.4561621387372,777.912991907955,0.164117096818612,0.0383453922616244
"Centre nord","B42",1987,164.520541980569,6.41832613639954,19.8447619462292,768.773739304623,0.181292040124015,0.0390123084882469
"Centre nord","B42",1992,154.748519926911,5.81081525495659,19.1034802197412,664.329151513971,0.191346115791245,0.0375500538402634
"Centre nord","B42",1997,200.280996811545,6.50698317053568,21.8223773439356,630.520917766132,0.209921219364116,0.0324892689477596
"Centre nord","B42",2002,155.325380502591,6.03961697313706,19.0116011078449,615.356056795832,0.198335824665729,0.0388836451170728
"Centre nord","B43",1982,90.5608693926506,4.19660372846054,14.3037782898916,715.346077186881,0.159559381544554,0.0463401440004408
"Centre nord","B43",1987,56.3194968607825,2.74854367654816,9.09237300393451,452.587211052234,0.159934641932534,0.0488027029670089
"Centre nord","B43",1992,76.2946700485302,2.95492426007583,11.8465420696301,490.346998030786,0.175387686489324,0.0387304153513769
"Centre nord","B43",1997,69.4886800204055,3.17364593650839,10.3919959760665,441.912002724623,0.173036071058953,0.0456714091500435
"Centre nord","B44",1982,79.1446308286333,3.92341861209553,14.2268086028613,1132.31440136038,0.126480999322472,0.0495727703953873
"Centre nord","B44",1992,105.518194894882,5.15661872794856,15.9037749806874,815.20079344318,0.157606045997396,0.0488694744360025
"Centre nord","B51",1982,157.586305485187,5.4997292541227,18.8411428375487,697.252842483347,0.185487024117632,0.0348997918136972
"Centre nord","B51",1987,167.402362935061,6.18846408362502,19.7860439903237,693.483902094712,0.190597128067117,0.0369676029365586
"Centre nord","B51",1992,188.840235979488,5.78312279541645,21.927756412257,681.25254449057,0.202440820891206,0.0306244205077388
"Centre nord","B51",1997,189.085521943115,6.68555356483423,21.5539723189386,674.806983452271,0.201664259272867,0.0353573002106716
"Centre nord","B52",1982,120.743160277586,4.90295835239144,17.0908086061952,862.389932916343,0.158849014786853,0.0406065100592005
"Centre nord","B52",1987,137.740900894077,5.75070019569926,18.3786831264051,849.353053493279,0.165984726846364,0.0417501276554128
"Centre nord","B52",1992,153.077056665681,5.11610636820074,19.5912393260428,745.001844079707,0.182981566153915,0.033421771228423
"Centre nord","B52",1997,150.348771209208,5.24014306241313,18.6987063502915,686.149619914994,0.18627365080734,0.0348532483522699
"Centre nord","B53",1982,94.6814965574976,3.72929048656271,15.6628442254423,823.92210129221,0.155577682277147,0.0393877433517118
"Centre nord","B53",1987,136.118751716685,4.9257285403303,17.8785435931067,773.148477197258,0.171589091882245,0.0361869946514248
"Centre nord","B53",1992,142.653768751931,4.64520635463853,19.581739886892,723.96729066085,0.185575750473817,0.0325628014967929
"Centre nord","B53",1997,178.273074138697,6.36933818790326,22.0770171568798,819.165895150249,0.185241942088401,0.0357279876317603
"Centre nord","B61",1982,120.790810920435,6.20107477096635,17.2450060096075,719.516261751862,0.174689349415415,0.0513373055757612
"Centre nord","B61",1987,104.808894712174,5.59961037464849,17.2175087934425,793.200852823798,0.166245014363002,0.0534268621954855
"Centre nord","B61",1997,141.088602499146,6.72517578893224,19.7685127901006,660.540086217862,0.19520568832837,0.0476663293122698
"Centre nord","B62",1982,139.260804637591,5.33307757649229,18.116207471153,833.809991165877,0.16632408953234,0.0382956108172071
"Centre nord","B62",1987,133.260454761218,5.6143408738885,18.5452507684577,828.419175317312,0.168828725895423,0.0421305846805681
"Centre nord","B62",1997,150.823444577291,5.59858760877544,20.3274390051098,717.308231736497,0.189951831448264,0.037120141530161
"Centre nord","B70",1982,111.779400360742,4.79286491242714,16.1429395402779,753.16845718959,0.165196296873975,0.0428778907111622
"Centre nord","B70",1987,113.796133922276,5.38813743030463,16.0715538857766,687.399966971258,0.172535807282955,0.0473490376569804
"Centre nord","B70",1992,128.345291631024,4.61432631068111,17.8998881844676,669.092805818808,0.184559769110888,0.0359524393301992
"Centre nord","B70",1997,125.70342337441,5.3193215899489,17.1735016502195,593.305575972329,0.191975263532694,0.0423164417257373
"Centre nord","B81",1982,73.1334797890772,4.63103382111123,12.9993321560887,813.061970316678,0.142676929908432,0.0633230339164429
"Centre nord","B81",1987,134.175260930043,6.40900906181353,19.0179111847779,890.05827671641,0.164940476630318,0.0477659519153466
"Centre nord","B81",1997,107.905702685252,4.77163177917301,16.6411409276883,645.911887712016,0.181117314360279,0.0442203855813933
"Centre nord","B82",1987,113.03159560517,4.98518059158143,17.4198248734861,846.589037533256,0.161860408219419,0.0441043105238923
"Centre nord","B82",1997,116.780609853794,4.53169213614967,18.4886242411356,771.119470217518,0.174721569756496,0.0388051761488764
"Centre nord","B91",1987,154.322177553131,4.80018395560069,19.0870843897622,785.227694518619,0.175924794295701,0.031104952196181
"Centre nord","B91",1997,145.879066183346,4.78597652091524,19.6336307759039,745.144762617009,0.18316185886977,0.0328078362861197
"Centre nord","B91",2002,243.22856532335,5.35062823883087,25.6846920601034,646.548245406305,0.22490119974322,0.0219983546411076
"Centre nord","B92",1982,114.349626486975,4.68247505170043,16.8708605132929,882.380942332571,0.156025512166736,0.0409487568569698
"Centre nord","B92",1987,122.688055253608,4.99281849654979,17.2196594797511,724.841374866049,0.173918528031722,0.0406952289383767
"Centre nord","B92",1992,129.385831169277,5.1589755579845,18.4549118106767,709.964861843515,0.181925098619339,0.0398728014602693
"Centre nord","B92",1997,156.094924155262,5.6512888524672,20.7510923608012,763.786078365333,0.185990033194271,0.0362041807768591
"Centre nord","B92",2002,169.211376403313,5.88623927432894,20.8840970347136,693.324237461124,0.195836987181045,0.0347863092863164
"Grand est","C11",1987,125.565299362472,6.35891375872464,17.1856209886596,763.096033251141,0.169335524054275,0.050642285655436
"Grand est","C11",1997,154.199737852191,6.38022814705071,19.4017811170521,664.058222075416,0.192873597263751,0.0413763877677049
"Grand est","C12",1982,167.562030515764,5.05246509432718,18.9740513248839,614.147802044534,0.198334672716279,0.0301528041810872
"Grand est","C12",1987,180.323153701094,8.0223791635319,21.6570283856965,838.009712367377,0.181396943983451,0.0444889022783503
"Grand est","C12",1992,194.69200676851,7.14371567303113,22.2733270080669,628.074617500619,0.212491706679577,0.0366923932399806
"Grand est","C12",1997,226.043900601949,8.44148582351478,23.8024334565617,705.17774371042,0.207308180851903,0.037344453006851
"Grand est","C20",1982,126.795459868337,4.09652830478988,17.1422376353065,719.380937332062,0.174184438244616,0.0323081623667257
"Grand est","C20",1987,124.559517874956,4.63687679858859,17.371875785679,777.023811904261,0.168717935675427,0.037226194173644
"Grand est","C20",1992,147.928032583609,4.85756932261933,20.0818317175753,715.943508695026,0.188980652058319,0.0328373820551816
"Grand est","C20",1997,162.263771516076,5.37303300240236,20.8083309990542,719.831514016022,0.191848432481757,0.033112955234558
"Grand est","C20",2002,142.886581512065,4.50885057149989,19.740377022555,787.322908300726,0.178671933356113,0.0315554513501966
"Grand est","C30",1982,191.971181101144,5.3012572401742,21.9566123041305,680.935501630937,0.202621132006792,0.0276148597397081
"Grand est","C30",1987,177.814521279822,5.45879723774853,20.2584783279375,607.499107051055,0.206056181707779,0.030699389445017
"Grand est","C30",1992,197.258211189341,5.42237795304459,22.6810710990285,595.231343274581,0.220264213822276,0.0274887312439422
"Grand est","C30",1997,217.379726110399,6.28091919679172,24.3068665319855,602.040175042279,0.226728863347302,0.0288937671841664
"Grand est","C41",1982,157.747878380199,4.89921884817202,19.1653125484792,723.715357308258,0.183623862359409,0.0310572725191529
"Grand est","C41",1987,171.362133821177,5.49994255227273,19.9893550651154,621.82582165337,0.202311269028343,0.0320954368951318
"Grand est","C41",1997,127.729490580397,4.56085416699565,17.1356415787074,640.183761969668,0.184609020061638,0.0357071350263072
"Grand est","C41",2002,152.342708541875,5.4086734262252,17.2092184684482,490.271335310156,0.211406035630233,0.0355033298146888
"Grand est","C42",1982,219.94731811667,6.08349938590086,23.2925456372524,626.045725930779,0.217650921079271,0.0276588932203933
"Grand est","C42",1987,258.538880359451,8.03744965747959,25.1055388571806,592.495619723246,0.232272214744968,0.0310879727115124
"Grand est","C42",1997,240.221837198429,7.40776278306842,25.8492703599014,615.201354126634,0.231297299598482,0.0308371747941859
"Grand est","C51",1982,135.134002547616,4.80155516135988,16.8760648532912,653.376737153529,0.181346349750805,0.0355318059913752
"Grand est","C51",1987,123.104540412514,4.94041472488167,16.4062458174479,588.751053391212,0.188362227634901,0.0401318644164278
"Grand est","C51",1992,145.924086491728,4.8915215342757,18.2923524016125,549.882831857116,0.205804448913238,0.0335210015829223
"Grand est","C51",1997,171.597838480986,6.03525625726723,20.9904238816996,628.939553428063,0.206139495936905,0.035170934032109
"Grand est","C51",2002,165.569021534368,5.63343287307604,19.8323713983197,638.777930826451,0.198823370183222,0.0340246793806573
"Grand est","C52",1982,116.653880468994,6.03972331396019,17.797504688477,1043.47919433782,0.147364447515471,0.0517747312792181
"Grand est","C52",1987,146.477630666854,5.31819818958532,20.2261971265633,881.968888771716,0.170877760755009,0.0363072379405217
"Grand est","C52",1997,160.892443513773,6.26998955694112,22.1948608155888,940.149337696236,0.173373553253684,0.0389700685750627
"Grand est","C52",2002,133.642775154754,5.30564725842911,20.2793221599507,913.498315823457,0.168123298117699,0.0397002176308098
"Vosges","D11",1982,265.746369178685,7.21599175025842,26.5828812668545,733.886119382666,0.214754240586651,0.0271536795500166
"Vosges","D11",1987,266.859795768443,8.51535046731684,28.0338744067611,757.942054891421,0.217009436164353,0.031909454336485
"Vosges","D11",1992,298.045617846105,9.92955751451549,29.7568731951131,712.822685583428,0.230546190347273,0.0333155628533434
"Vosges","D11",1997,269.576953319576,9.26503827245394,29.4829292450749,749.782466524565,0.223754992510337,0.0343688069709375
"Vosges","D11",2002,287.018604949108,10.3361472297212,28.9305096522818,733.671310001746,0.224069287565095,0.0360121157705229
"Vosges","D12",1982,238.100749104449,6.9669777468483,23.708055655302,668.937207735337,0.21242731109835,0.0292606292632538
"Vosges","D12",1987,244.055595372026,8.21508973901678,24.4264928953887,695.982749984774,0.211390944717821,0.0336607309760471
"Vosges","D12",1992,248.714616869664,8.57581908240895,25.873739970093,663.785006965501,0.222777304337779,0.0344805592463551
"Vosges","D12",1997,214.227258994449,6.39707896188172,23.4449889172272,542.172770319049,0.234644956664294,0.0298611810276091
"Vosges","D12",2002,252.428940925535,8.87203604194164,24.5701019370082,657.607674724626,0.218109761033175,0.0351466674518863
"Jura","E10",1982,116.661471278363,4.67747231177848,16.631968303428,829.625280007149,0.159766563941436,0.040094405295281
"Jura","E10",1992,154.769354222809,5.71661809354882,21.5349619886963,869.107589340878,0.177619377191235,0.0369363697500415
"Jura","E10",1997,125.257267885732,4.78682308527683,20.019078693761,980.956160176407,0.161195273441187,0.0382159308284105
"Jura","E20",1982,259.352858676028,6.85702557831711,26.3138611888883,700.040171229638,0.218769043414536,0.026438982062205
"Jura","E20",1992,281.494433455518,8.0633950629835,29.1195269910939,688.421162764633,0.232070592542806,0.0286449538770638
"Jura","E20",1997,249.121866028446,6.52888661162089,28.2421223434908,782.307519872251,0.214395157539837,0.0262076015875515
"Sud ouest","F11",1982,100.187857014045,6.31382796513286,16.4457602788887,1127.70487297651,0.136264996223722,0.0630198923632809
"Sud ouest","F11",1992,109.291835542534,6.51302012278031,18.1122049239101,1112.69478475055,0.143963598821922,0.0595929246722696
"Sud ouest","F12",1982,73.4010390477654,3.03550237694292,12.9457397745342,829.433967895352,0.140970288072238,0.0413550327941214
"Sud ouest","F12",1987,88.7724408248863,3.24386759417051,14.359154702119,771.028371063223,0.153987091868794,0.0365413811316668
"Sud ouest","F12",1992,78.1810073955058,3.49253534027086,14.1436868059411,828.862404144007,0.147399209413618,0.0446724269310404
"Sud ouest","F12",1997,92.8013839027234,3.6581442012535,15.1559115359468,775.129870588749,0.157782507449661,0.0394190694945676
"Sud ouest","F14",1982,114.387876208698,5.84370593722606,17.7886689310496,1019.62182591952,0.149041503799568,0.0510867596366973
"Sud ouest","F14",1992,126.429991771375,5.41631813563619,19.4649959816509,929.689579814638,0.163272573016549,0.0428404531215233
"Sud ouest","F15",1982,112.276216319348,4.77968482504546,17.1615287350239,894.106563132245,0.156328587491842,0.0425707686074009
"Sud ouest","F15",1987,149.795870633383,5.15990307611915,20.9594074302757,782.199812145892,0.184707999923758,0.034446230422117
"Sud ouest","F15",1992,128.43395044653,4.9353123679348,19.7032673516786,854.913562338205,0.171302255422212,0.0384268517068584
"Sud ouest","F15",2002,142.887717114583,4.96485347025646,20.8894850553915,749.055393560906,0.188435167807473,0.0347465378446428
"Sud ouest","F21",1982,115.835513910367,6.97832618637876,15.4299711433998,499.376469098355,0.198346060523996,0.0602434085264952
"Sud ouest","F21",1987,139.52304009725,7.41298677868267,16.7560244184,419.517730072947,0.225509785326725,0.0531309149622577
"Sud ouest","F21",1997,152.127191499286,8.4693144695367,18.8569485865307,423.806118567112,0.238016550383506,0.055672588089398
"Sud ouest","F21",2002,144.644121574937,7.12601401321856,17.6334457570106,396.890317273664,0.237841919145514,0.0492658390512381
"Sud ouest","F22",1982,89.1087148256673,3.77534160029056,13.6925977316024,457.720659316064,0.195163108407063,0.0423678156247305
"Sud ouest","F22",1987,145.348071257312,7.0048373000954,18.6808421169031,420.342883418627,0.237876442441062,0.0481935345925205
"Sud ouest","F22",1992,110.422409949136,3.74423687305141,16.8210350473235,534.149905319958,0.200239540169668,0.0339083060655544
"Sud ouest","F22",1997,148.374507091895,7.39082657351265,19.3422182807769,383.248556530872,0.253494146546617,0.049811970522235
"Sud ouest","F23",1982,133.941810455252,5.88033038727425,18.1186805968768,643.103842806914,0.18939904792528,0.0439021271049549
"Sud ouest","F23",1987,166.229383176969,8.73568840504909,20.8580157270937,686.792058144262,0.196643195220797,0.052552011191361
"Sud ouest","F23",1992,135.459281522718,5.79838287928983,18.6512251312763,590.903287438213,0.20047052992717,0.0428053568135703
"Sud ouest","F23",1997,155.353550506565,7.21306371892704,20.3164094247226,623.782402921341,0.203639479337604,0.0464299895007693
"Sud ouest","F30",1982,91.6694836853098,3.90223236688184,15.1606759579017,878.054819012758,0.148270081602487,0.0425684994613664
"Sud ouest","F30",1987,107.934759747715,4.37765438054259,17.2047665345696,779.648845281692,0.167621580451728,0.040558337191604
"Sud ouest","F30",1992,96.4735995193867,3.91843238341219,16.0770126370538,745.18042870567,0.165739878377318,0.0406166288283332
"Sud ouest","F30",1997,142.000029246934,5.71508031985965,18.849280333801,566.36613133609,0.205851392288496,0.0402470362166003
"Sud ouest","F30",2002,126.658522739802,4.69339930587562,18.470175031871,706.155319514396,0.182490578251508,0.0370555348692753
"Sud ouest","F40",1982,48.4093876787509,1.82628403449015,10.4478346734111,756.464420861514,0.132609290646787,0.0377258238961736
"Sud ouest","F40",1987,54.1080169266178,1.70358670194825,12.6554638305384,806.616451771653,0.141338525076626,0.0314849221744475
"Sud ouest","F40",1992,62.9392513646114,2.06715113832067,13.4465581682878,778.513345017344,0.148295371398603,0.0328435927263501
"Sud ouest","F40",2002,66.6814511075194,1.84643960196369,13.4217584085299,760.187095229105,0.149933790819278,0.0276904532114401
"Sud ouest","F51",1987,108.253490632343,4.27424809545601,15.7156455153553,421.666715375771,0.217839439529256,0.0394836976663639
"Sud ouest","F51",1997,124.986550608415,3.9997830048417,18.2629627240908,381.43913402545,0.246903957903107,0.032001707266673
"Sud ouest","F52",1987,135.455105113466,6.01152885079058,18.3608353852847,551.837601923926,0.205823819363614,0.0443802309684449
"Sud ouest","F52",1997,147.65661867331,6.11787592751964,20.5680351866941,529.655217655796,0.222359062937214,0.0414331303431473
"Sud ouest","F52",2002,170.746438549363,6.14682712645049,22.2359799600515,577.492723961332,0.221416477801388,0.0359997384347987
"Massif central","G11",1982,124.6147803807,5.60231877119268,18.7938352503782,891.352086844618,0.163846860514897,0.0449570970159199
"Massif central","G11",1992,150.832595619908,7.10137989970202,22.024151258262,854.713599165723,0.181131649815623,0.0470812019810176
"Massif central","G11",2002,132.018226033838,5.63437415624298,19.4562934453746,683.837262786084,0.190330650606793,0.0426787597857799
"Massif central","G12",1982,110.661132913739,5.0327193467653,17.7439548420833,895.191752995592,0.158862808032385,0.0454786537445657
"Massif central","G12",1987,136.538835790107,4.46683766990655,19.7437890034114,715.834935927626,0.187397531087298,0.0327147777704297
"Massif central","G12",1992,125.847615851095,4.93323490922445,19.8553326273337,798.261014102499,0.177959502541641,0.0392000664920148
"Massif central","G12",2002,158.566498404031,5.33144441861576,21.7434994056455,683.623509115762,0.201238598985617,0.0336227669291852
"Massif central","G13",1982,124.042821120599,5.71676225270225,18.8425800173317,841.654224129048,0.168833409041749,0.0460870060923896
"Massif central","G13",1987,145.299428629789,5.37178085059721,20.9572862445146,753.765255809034,0.188150130711935,0.0369704196448291
"Massif central","G13",1992,156.215787716084,7.07171722257956,22.7803959203443,758.757931787271,0.195516795769662,0.0452689022407396
"Massif central","G13",2002,170.806891263939,6.77811567648147,22.3784390840543,676.663189649267,0.205202987340477,0.0396829169263879
"Massif central","G21",1982,125.568381110682,5.79429568113909,18.4539310752771,697.745351293774,0.183506321911154,0.0461445439519661
"Massif central","G21",1987,160.716451019421,5.42852768187484,22.1528886348177,660.528167160526,0.206644842437093,0.03377705049758
"Massif central","G21",1992,136.12545743492,7.54093288171674,20.8029779990984,764.773017261379,0.186102212285609,0.0553969332688704
"Massif central","G21",2002,160.295148986873,8.00905830920976,21.6214514913721,628.324369299466,0.20931749570528,0.0499644459600313
"Massif central","G22",1982,141.714019961501,5.5391198507565,20.1294203986708,722.082400502997,0.188398445214097,0.0390866045029369
"Massif central","G22",1987,180.36430180435,7.42483078899516,24.1499582786449,758.160089663185,0.201387630567531,0.0411657446330441
"Massif central","G22",1992,173.61483144496,6.53080924435396,25.1525582851832,811.73852322992,0.198626899201502,0.0376166551555497
"Massif central","G22",1997,135.489180518124,5.36291842418221,20.4157084554863,633.114491792783,0.202626461183433,0.0395818943156485
"Massif central","G22",2002,246.724799820185,8.9706938183906,29.6510489720994,791.714978632495,0.218368836239722,0.0363591087111166
"Massif central","G23",1982,117.488913739742,5.37590792067246,17.6516542109561,899.963353614716,0.158028476131266,0.0457567250351895
"Massif central","G23",1987,148.794973618454,7.51453594516802,21.5222809384303,856.872352171782,0.178830315318812,0.0505026195605039
"Massif central","G23",1997,192.482511817801,9.20462895796667,25.1649584195425,872.201908518157,0.191665811194903,0.0478205987184931
"Massif central","G23",2002,237.515741974017,9.66377604445555,25.8233516152461,726.096367203235,0.212796378071158,0.0406868865370309
"Massif central","G30",1982,135.239125950809,4.34274267112789,19.9082121115341,657.082169683201,0.196408983369218,0.0321115848730602
"Massif central","G30",1987,144.161742520943,5.16640256510017,22.4401340610064,711.617012202509,0.200375501311874,0.0358375424350162
"Massif central","G30",1992,146.40523769071,5.64088936249077,23.3922173921257,784.514440511309,0.19484545686652,0.0385292865983899
"Massif central","G30",1997,153.557943379809,6.67425108292371,24.7807387754856,864.748263001418,0.191014939375268,0.0434640562124205
"Massif central","G30",2002,189.552129937556,6.65589866890365,26.0561010207638,698.052584437581,0.218004623490166,0.0351138162947381
"Massif central","G41",1982,148.606812742674,7.71014008579656,20.1928265093768,934.655690456947,0.165854702288761,0.0518828171030582
"Massif central","G41",1987,167.735340169418,8.48999161304171,23.4754351262135,927.686698469506,0.179498663775842,0.0506154016468238
"Massif central","G41",1992,197.930279548101,9.06540012850443,25.4279239636506,852.726271716102,0.194852368724673,0.0458009767338369
"Massif central","G41",2002,238.815750015944,9.74720489169676,26.7924878634089,783.298775104879,0.208688182601,0.0408147489897379
"Massif central","G42",1982,134.878029431156,5.70680652894086,21.5138354122876,822.252477650299,0.182520388632469,0.0423108682193028
"Massif central","G42",1992,223.170991515666,9.18647067498496,29.3019363204941,814.818790604872,0.213979762693534,0.0411633725897574
"Massif central","G42",1997,132.293221102719,5.425071407879,22.7317737497754,745.606911932484,0.197022923522785,0.0410079319458608
"Massif central","G50",1982,114.185511871509,3.92852750764318,18.8500941224428,710.373015684318,0.183809770537262,0.0344047808102301
"Massif central","G50",1987,142.320351850275,4.75766824819586,21.9261343122105,726.590779104788,0.196015833370091,0.0334292895312756
"Massif central","G50",1992,126.533913756514,4.45369872659893,21.0013442750767,702.407604689342,0.195112010507763,0.0351976683118258
"Massif central","G50",2002,168.465755383621,5.88108386692265,24.120660941004,672.60807516389,0.213682335982287,0.0349096696449114
"Massif central","G60",1982,58.5964473818654,2.30666158467308,11.5316469206108,612.951658037332,0.154770296832406,0.039365212188392
"Massif central","G60",1992,66.7120378189496,2.52216969160446,13.5621023533286,630.478428922467,0.16549445689658,0.0378068152924574
"Massif central","G60",1997,46.0747777475625,1.63770703203901,10.7316357694942,539.235828614135,0.159183720606535,0.0355445454563402
"Massif central","G70",1982,84.9690096169024,3.43940452940079,17.1471644517052,717.217222403468,0.174472048819117,0.0404783408081128
"Massif central","G70",1992,93.4466990088012,3.36371935957297,17.3768242589593,658.121377773773,0.183352681004129,0.0359961282233861
"Massif central","G70",1997,91.6506868532951,3.98942023351767,18.517315427408,580.669098039722,0.201502163910401,0.0435285361243775
"Massif central","G80",1982,83.3502998393421,4.16389116635949,15.3653988221968,835.463493365463,0.153025299838914,0.0499565229445533
"Massif central","G80",1987,123.562337253418,6.82657357875522,22.224257915,904.83907750943,0.176841023334274,0.0552480127075809
"Massif central","G80",1992,137.955218005731,7.06171966562811,22.4022851808742,883.49743248732,0.179679518119523,0.0511884926696631
"Massif central","G80",1997,77.8448448545928,4.00050354620232,16.3706995206963,888.712868081797,0.153146805991103,0.0513907318291263
"Massif central","G90",1982,102.232527631179,4.50652714927166,16.9350989525076,803.577712832044,0.163807954429772,0.0440811476903877
"Massif central","G90",1987,138.779210164345,4.91165315407834,19.4861390666847,735.75205377377,0.183633628875689,0.0353918511876661
"Massif central","G90",1992,122.553751004598,4.14407318657839,19.5725600140238,748.260917953484,0.182495577648151,0.0338143316920826
"Massif central","G90",2002,149.175046485416,4.58475865227282,20.1454550527002,714.894222613936,0.189418636705895,0.0307340856281955
"Alpes","H10",1982,175.732818307581,4.77954516320168,22.2166951096608,732.842131011182,0.196466981335301,0.0271977949778063
"Alpes","H10",1987,213.555753588299,5.82011348884087,23.2902229042337,665.592370590583,0.21107544534759,0.0272533677554814
"Alpes","H10",1997,233.525249547609,6.01140860360346,26.142239081271,657.012163739143,0.22508147130048,0.0257420069788981
"Alpes","H10",2002,206.144431274711,5.86956373914116,25.0048753210567,781.624402252661,0.201821928270377,0.0284730647480809
"Alpes","H21",1982,187.488381998018,6.25983771926718,21.7936545268644,675.235803880582,0.202718021646277,0.0333878699712356
"Alpes","H21",1987,176.127741046131,4.92424027825692,20.4934358040432,536.40151418169,0.220555275184291,0.0279583457382059
"Alpes","H21",1997,201.761642273418,6.19789301758306,23.5225575300316,590.33715353613,0.225240908591252,0.0307188866414161
"Alpes","H21",2002,189.669588625539,5.32685650982073,21.3108115918646,477.696394344261,0.238330197265659,0.0280849267846383
"Alpes","H22",1982,79.6478184551952,2.32313693112547,10.786708771868,364.369159050152,0.194146126835207,0.0291676153369137
"Alpes","H22",1987,132.31291935759,3.1031716242778,16.6542248816331,449.352896280727,0.217231849113812,0.0234532775736823
"Alpes","H22",1997,95.1017300695793,2.48560331516618,12.2241591964553,304.243561642738,0.226179822869304,0.0261362575985488
"Alpes","H22",2002,142.826509944556,3.74572888610003,18.3683704011668,489.454562941034,0.218591959274762,0.026225725795261
"Alpes","H30",1982,79.2874099558366,2.51850679733775,16.199547312572,835.458065143271,0.157124594786794,0.0317642712599714
"Alpes","H30",1987,75.8481715658125,2.30274577120275,15.2584202133392,638.268844740792,0.174464882306259,0.0303599378029131
"Alpes","H30",1997,78.7882528810219,2.45498237117773,16.5476402713031,767.723774884328,0.165661122551188,0.0311592436868095
"Alpes","H30",2002,98.1570658031338,2.41957470287035,19.5081518452581,637.172024082513,0.197439832249342,0.0246500308772789
"Alpes","H41",1982,121.498387091371,3.33721996431061,18.6857281651437,636.957573689031,0.193265715826591,0.0274671956081269
"Alpes","H41",1987,104.017787172972,2.56720518915149,15.5899655365185,502.951762131482,0.198661847441997,0.0246804441713652
"Alpes","H41",1997,138.51469180751,3.90830492448238,20.7972181692945,614.296667154052,0.207619721258772,0.0282158150408597
"Alpes","H41",2002,123.526540081653,3.00721886510589,18.6820414307242,532.842539087041,0.21128456916097,0.0243447186581772
"Alpes","H42",1982,121.332579751047,2.24196023257693,18.2126876193729,526.965977883051,0.209773580091476,0.0184778089873061
"Alpes","H42",1987,116.044076492111,2.37807969067217,16.1583098522123,423.139804644433,0.220501264665566,0.0204929003061508
"Alpes","H42",1997,129.591493380375,2.81068191732637,18.9151287154934,483.581481140022,0.223164381346913,0.0216887840706991
"Alpes","H42",2002,157.452764158075,3.21184545938392,21.0205987529048,443.121888033536,0.245762716742582,0.0203987873859069
"Pyrénnés","I11",1982,78.5811943555898,4.1393659854448,13.3833740125944,849.100587455222,0.141663607204536,0.052676292583613
"Pyrénnés","I11",1987,110.560793817565,4.78033278922503,16.4582947085388,679.210542560274,0.175648832514149,0.0432371424278394
"Pyrénnés","I11",1992,76.1264701130822,3.79182739100196,12.3388367705521,595.786418665035,0.162385358836092,0.0498095785259632
"Pyrénnés","I11",1997,163.036842606752,5.56635974809854,21.7987923699888,503.010382739059,0.234899883815968,0.0341417293116053
"Pyrénnés","I11",2002,125.189618032582,5.21931075031989,19.4631180816661,890.620284403682,0.1668072708763,0.0416912427112088
"Pyrénnés","I12",1982,188.125474840841,5.55040462703186,25.7648361764779,779.274901199444,0.20517451128509,0.0295037375014078
"Pyrénnés","I12",1987,163.839852910234,4.76377874598182,22.3030711644218,696.994481446429,0.201847197821615,0.0290758241133911
"Pyrénnés","I12",1992,190.179852642375,4.85036390330196,26.3209889336678,744.138922974169,0.212216501129356,0.0255040890815225
"Pyrénnés","I13",1987,64.6554970873041,2.74897319375432,13.5065778715051,736.997307920923,0.152754766960414,0.0425172385581135
"Pyrénnés","I21",1982,117.616105758767,3.54870517258489,17.6200762300329,677.278212300969,0.182001680657055,0.0301719322340373
"Pyrénnés","I21",1987,159.217504778839,3.38888380031599,20.308048613239,480.762662598834,0.231912304037193,0.0212846182021462
"Pyrénnés","I21",1992,120.013877082751,3.51064393553289,17.8673886990344,561.269192526534,0.201326062416256,0.0292519833611596
"Pyrénnés","I21",1997,177.536538548077,4.13924145770758,23.4777947736916,475.751306979833,0.250665009828201,0.023314870795381
"Pyrénnés","I21",2002,187.547252100386,4.59130462762885,23.8068195772122,587.495774934408,0.227145101667978,0.0244807885810629
"Pyrénnés","I22",1982,88.3674330443072,3.28403543834927,17.1874167162371,794.506548544733,0.165963132012556,0.0371634133210893
"Pyrénnés","I22",1992,89.4854986217642,2.86765663844798,18.1735025949421,762.725567295968,0.174176767237156,0.032046048606925
"Provence","J10",1982,32.0738566329895,1.66340659592648,8.80663643809058,753.793403484987,0.12196463683476,0.0518617581589982
"Provence","J10",1992,21.6585638337793,0.782368363620835,5.18318433313943,328.186694370558,0.141805443235977,0.0361228181898483
"Provence","J10",1997,27.6613965328489,1.10693085847848,7.81481664443435,631.732287026404,0.125501211693127,0.0400171718432206
"Provence","J21",1982,57.3119276293952,2.37590123918792,13.8276306347186,829.029952464416,0.145728278146311,0.0414556155666508
"Provence","J21",1992,46.5963285179981,1.56589505481624,12.9979947080103,736.86673458916,0.14986449746421,0.0336055458577901
"Provence","J22",1982,55.6308884122056,2.50479562323062,13.3419527129943,983.779104874759,0.13140623154689,0.0450252673419658
"Provence","J22",1987,34.1922563105598,1.36099152361036,8.24737698745036,400.184635195169,0.161987975433387,0.039804086377009
"Provence","J22",1997,65.577723640285,2.45117264300945,15.9615915786725,937.170714154751,0.14725966288298,0.0373781294461352
"Provence","J22",2002,48.7132004461902,2.23888626428656,10.0635746215069,482.050033293391,0.163036609931135,0.0459605660022213
"Provence","J23",1982,37.7540234372247,1.74059626381647,9.74573313506782,682.58408051413,0.13482928740036,0.0461035965268878
"Provence","J23",1987,38.3560275600406,1.72839436743729,9.41578899408851,585.966436529961,0.14303655695469,0.0450618710379157
"Provence","J23",1997,49.1260117590677,2.00930669597092,11.494270403632,670.976198478035,0.147686978971022,0.0409010750928716
"Provence","J23",2002,42.1630290144474,1.57711931750712,10.7293744319368,506.613698339757,0.164211586060233,0.0374052660440196
"Provence","J24",1987,52.0038738156778,1.69208087955129,9.91564030380497,396.597156439936,0.178418812015663,0.0325375929791056
"Provence","J24",2002,65.5172473326428,2.20435795658059,13.3233894040449,559.779333219683,0.174082048947204,0.0336454604905586
"Provence","J30",1987,43.2080139313087,1.72564036013232,11.4829603534049,461.196001235595,0.17804887151661,0.0399379699070573
"Provence","J30",1997,45.874368353551,1.68720545667605,12.0363932399507,446.953743240222,0.185170565952097,0.0367788269840112
"Provence","J40",1982,39.8548415655327,1.9116130998084,10.1861284443306,803.044395021974,0.127083701502415,0.047964388383408
"Provence","J40",1987,41.4463693601242,1.65914062778201,10.0998978780636,678.615960733609,0.137658019076067,0.0400310245118425
"Provence","J40",1997,49.2525085455956,1.88377975353218,12.8595296868058,819.304271964961,0.141366007380998,0.0382473869688946
"Provence","J40",2002,51.5542516518076,1.87150748118884,12.9004349465853,774.910323813746,0.145589988731543,0.0363017097761174
"Corse","K11",1987,47.5175147678715,1.31684182476917,10.4252603042641,411.501404481905,0.179602696257662,0.02771276720178
"Corse","K11",2002,46.1460141197849,1.50582756431239,10.9723441011275,600.724290435465,0.152499061941279,0.0326318013166552
"Corse","K12",1987,162.101076511869,2.81093081612157,22.0270574767715,357.881561650176,0.279939150235388,0.0173406054827511
"Corse","K12",2002,152.508307221945,2.93289721257463,21.5441574083706,486.928189041265,0.237348973302929,0.0192310652842432
"Corse","K13",1987,56.3744895889604,1.87616161527272,12.4651338831843,377.135394756375,0.205142142171725,0.0332803299675484
"Corse","K13",2002,72.3948970909606,1.92104772688698,15.6716448487024,504.735977673007,0.198829224514106,0.0265356786746071
"Grand ouest","A11",2007,155.448780276833,6.53495321986635,23.2011282191487,715.202607562702,0.20323339253474,0.0420392698368459
"Grand ouest","A12",2007,190.198061428679,8.05144926278342,26.9736354499135,902.000563346511,0.195128810348683,0.0423319207477968
"Grand ouest","A13",2007,179.00053907413,6.89999515228527,22.2810173448011,621.621728823216,0.213628639288122,0.0385473428626255
"Grand ouest","A21",2007,171.254752009237,6.79223493141569,24.9284254510131,666.101075300276,0.218289283819903,0.0396615851631921
"Grand ouest","A22",2007,168.502956440665,6.30645074941674,22.6426234198034,695.055179808177,0.203661430103717,0.0374263507455874
"Grand ouest","A30",2007,119.404127225325,5.4431717491604,18.0074594907054,716.111510110221,0.178933210964812,0.0455861273445659
"Centre nord","B10",2007,185.729584466386,6.52999449080081,22.6232798367877,574.5013895807,0.22391712087211,0.0351586125040979
"Centre nord","B21",2007,193.102714954055,7.70972517729896,21.9569138803174,468.116552644353,0.244378902188513,0.039925514144808
"Centre nord","B22",2007,172.475157162437,8.79066243248977,21.2081200651151,591.605058589648,0.213643757008043,0.0509677021149819
"Centre nord","B23",2007,222.899084707423,8.68749239680828,24.1816444238655,556.364455501865,0.235243854381969,0.0389750025587205
"Centre nord","B31",2007,182.906748561713,6.86554238003334,22.4297616038686,629.907720015413,0.212926111334629,0.0375357521470395
"Centre nord","B32",2007,177.082714378069,6.58136960844778,22.283490940609,684.674415404399,0.203565709758513,0.0371655112220421
"Centre nord","B33",2007,203.25962754646,6.79266885451991,23.5656439008502,671.392405545575,0.211400739659422,0.0334186819906834
"Centre nord","B41",2007,180.23512311773,6.16731890028412,21.4844352802868,588.317500147117,0.215630975242154,0.0342181856321956
"Centre nord","B42",2007,172.973422093896,6.36153206167806,20.7216784561741,656.305116718858,0.200500116557084,0.0367775117394902
"Centre nord","B43",2007,109.107918229893,6.87392318532926,15.3488203203451,601.733806538744,0.180214758640447,0.0630011395767421
"Centre nord","B44",2007,134.760613978644,5.04899055899564,19.3925770293296,749.21431356596,0.181538937359769,0.0374663665438314
"Centre nord","B51",2007,192.224252115673,5.80032346154532,21.832992881662,627.541572754488,0.21047011821733,0.0301747745027247
"Centre nord","B52",2007,189.35207309757,6.17188385805445,22.7158701595987,746.040879387316,0.196896699129323,0.0325947519722912
"Centre nord","B53",2007,198.095167302263,6.19502481744944,22.726259254877,717.975298953805,0.200754036418452,0.0312729729948272
"Centre nord","B61",2007,178.852573096825,8.19475299988175,23.4371408432929,730.119556088183,0.202167054544058,0.0458184797567624
"Centre nord","B62",2007,184.799985860386,6.5464353820583,24.2186923341651,815.893485045439,0.194407793776699,0.0354244365960291
"Centre nord","B70",2007,154.63381735901,5.38540495805908,20.5452667328046,669.237154836389,0.197706491501548,0.03482682539975
"Centre nord","B81",2007,120.4299369052,5.35938452969622,18.395739484966,707.492189911424,0.181950335036622,0.0445020953047166
"Centre nord","B82",2007,153.556977344947,5.67850326198494,22.3758212135444,787.727469187418,0.190176371022561,0.0369797801452479
"Centre nord","B91",2007,190.155113861409,4.96715578658628,23.0250404771193,694.539976006761,0.205450232291863,0.0261215998124904
"Centre nord","B92",2007,195.503414528024,5.63045180230419,23.6830726632436,725.676249332107,0.203846203964553,0.0287997619678255
"Grand est","C11",2007,199.390608943963,8.71729420568788,23.3263657462852,650.421309992338,0.213688533631658,0.0437196829472436
"Grand est","C12",2007,229.80786150334,8.83163133403544,24.3763494944912,644.816013217403,0.219392353111052,0.0384305013599679
"Grand est","C20",2007,156.308333033278,4.94121242796512,20.4189597806181,726.302316236511,0.189196523343517,0.0316119578021034
"Grand est","C30",2007,196.466325375006,5.47115084146439,22.4700064886056,623.533524620403,0.214203594312651,0.0278477791602266
"Grand est","C41",2007,141.73517271671,5.36636555668886,17.3919775765534,534.416020848239,0.203558765409256,0.0378619184908657
"Grand est","C42",2007,240.740003608603,8.01787723742234,26.521478178251,650.119243172003,0.227906867373388,0.0333051305027721
"Grand est","C51",2007,170.529734489255,6.06168044229619,20.882788152838,682.141614053136,0.197429492186899,0.0355461788552668
"Grand est","C52",2007,188.634800163737,6.75018551736131,25.6197680137097,982.792871430805,0.18218459726504,0.0357844125871901
"Vosges","D11",2007,273.43722627541,9.12078654681063,28.7160798009601,688.392142393224,0.230462189124244,0.0333560527622674
"Vosges","D12",2007,257.035009619429,7.95097386613902,26.1965313984926,644.106901744913,0.227561076051338,0.030933427621052
"Jura","E10",2007,178.708484891727,5.77735539453451,23.5494032851508,854.737106091115,0.187296099786538,0.0323283776818699
"Jura","E20",2007,297.429740912937,8.11972300305208,31.9111950257562,744.0996116487,0.233674356001163,0.0272996337828531
"Sud ouest","F11",2007,118.739104981863,6.60290873291091,19.229776047819,1036.25145611258,0.153712644963849,0.0556085439074134
"Sud ouest","F12",2007,93.1344387225342,3.90901162312729,15.8853196608854,862.147034782763,0.153165999461067,0.0419717096784467
"Sud ouest","F14",2007,129.444195073143,5.9529241304811,19.6239111671765,859.171296913759,0.170532816185367,0.0459883436805906
"Sud ouest","F15",2007,150.436717998969,5.50662857438215,21.6819972031249,912.007029996749,0.173982516547162,0.036604285493784
"Sud ouest","F21",2007,88.2676622665668,4.62370767282595,11.6598792768198,325.893476305167,0.213434319035169,0.0523828042353998
"Sud ouest","F22",2007,144.070478239786,5.92628341453265,19.6154745536238,483.871220604511,0.227190189049244,0.0411346133291036
"Sud ouest","F23",2007,101.765629635018,5.08514332874602,14.9394892213641,556.551612988395,0.184871604755858,0.049969162938252
"Sud ouest","F30",2007,130.59697102373,4.65803898821327,18.8401239270273,692.9874066538,0.186051966915716,0.0356672819568448
"Sud ouest","F40",2007,80.3340329916436,2.23067375438732,15.0261571391411,787.177340117326,0.155898784991208,0.0277674812444604
"Sud ouest","F51",2007,141.328947096288,4.88662832914277,18.9438524738472,457.811657446344,0.229533345807656,0.0345762735061875
"Sud ouest","F52",2007,140.864168839223,4.69527899162376,18.4610734390354,450.993101497815,0.228296148569889,0.0333319610679901
"Massif central","G11",2007,159.907741157159,6.77019887516382,21.9325365127801,797.349548709341,0.18714365769942,0.0423381559027213
"Massif central","G12",2007,191.960206245136,6.56790535455771,25.7627253891188,815.572282679095,0.200548645244251,0.0342149317456474
"Massif central","G13",2007,198.956362342093,7.51023124518797,25.9954321551925,748.535812244062,0.210279670861146,0.0377481330919923
"Massif central","G21",2007,212.215828561718,8.56215233636168,26.1442461405696,674.794757233128,0.222104455769495,0.0403464359581056
"Massif central","G22",2007,220.055433118835,7.5019327915466,27.815594312039,757.637923764205,0.21620631684441,0.0340911046149694
"Massif central","G23",2007,237.180031891229,8.80702489214935,27.34016860514,741.818677334347,0.216624100172144,0.0371322358881723
"Massif central","G30",2007,220.050216543684,6.69480318426896,30.4048702041732,822.802957730284,0.216909570354135,0.030423979078157
"Massif central","G41",2007,235.536499924866,8.73663465725114,27.0919700184342,773.018623677599,0.211242050223861,0.0370924874065721
"Massif central","G42",2007,192.175102137921,6.18693781879377,27.1866260077953,806.734692233252,0.207141610754233,0.0321942736075848
"Massif central","G50",2007,165.016353155895,4.78380131357243,24.1979201232609,752.011517530156,0.20240993837346,0.0289898620475091
"Massif central","G60",2007,72.7590929348984,2.36228655791118,14.3348197769014,627.998661162943,0.170479364972379,0.0324672348516611
"Massif central","G70",2007,141.54599541654,4.44667239460593,25.1409608117816,879.433384209778,0.190785129396127,0.0314150349610408
"Massif central","G80",2007,167.996769355552,6.1302778864793,24.765776143917,887.605064825981,0.188482548358058,0.0364904510366211
"Massif central","G90",2007,176.206164162244,4.91774564774371,23.7581793789104,751.286889818485,0.200659041158931,0.0279090443352233
"Alpes","H10",2007,271.335168609869,6.67270886382706,32.0000841305653,826.886811892845,0.221976800172077,0.0245921267707881
"Alpes","H21",2007,283.610171367236,8.35920469465873,34.287744541865,852.041868596072,0.226357062981916,0.0294742768017114
"Alpes","H22",2007,214.87566003396,5.5986055731004,28.4921533485301,832.464141243991,0.208754058837655,0.0260550942448091
"Alpes","H30",2007,91.6248521181465,2.15469406156842,18.2302906561545,787.50078688412,0.171682629982078,0.0235164806464302
"Alpes","H41",2007,153.73874217711,3.24613709223719,23.7100949276924,704.93258778936,0.206941652067133,0.0211146328262369
"Alpes","H42",2007,182.543208528452,3.21779020843287,25.6112656725616,631.056654895096,0.227319349410885,0.0176275536864541
"Pyrénnés","I11",2007,161.028077517939,5.29932562432522,21.8918082590276,707.664816437569,0.198464153069813,0.032909326783305
"Pyrénnés","I12",2007,165.328170652663,4.66729346743425,23.278150093252,769.512276417694,0.196255354691151,0.0282304791071555
"Pyrénnés","I13",2007,80.3150091507986,2.54327973256483,16.417655346514,854.819989875873,0.156377149259097,0.0316663069512897
"Pyrénnés","I21",2007,176.914431807069,4.38979766392429,24.3997842762578,623.240993139376,0.223264691894645,0.0248131123000271
"Pyrénnés","I22",2007,108.138057931278,2.77940403443802,20.2828632877641,784.849671837311,0.181395475558542,0.0257023668411388
"Provence","J10",2007,42.3258044831495,1.30628241724982,11.4987587737727,898.916048534842,0.127620656366449,0.0308625537825245
"Provence","J21",2007,45.2801839906649,1.84877833642131,11.4628515182833,739.6139840873,0.140474933709053,0.0408297443491498
"Provence","J22",2007,45.8007308147067,1.5710553667026,11.1762549760765,707.655347797609,0.141805251168826,0.0343019715789803
"Provence","J23",2007,52.2210322344794,1.34345993111162,11.927344344082,666.022820389202,0.151001889999899,0.0257264146958893
"Provence","J24",2007,68.5891384515036,1.50161567834285,14.7910000993374,672.725083510153,0.16731505429009,0.0218929077146023
"Provence","J30",2007,64.6274227300855,1.80725750512273,16.5474415686275,643.983206503718,0.180876945890801,0.0279642515325218
"Provence","J40",2007,64.1766665774331,1.66206887899436,15.3946757484012,910.998883484416,0.14668354927213,0.0258983360718646
"Corse","K11",2007,59.8448377265377,1.62322991274864,15.2634078210487,718.099001740212,0.16450861723014,0.0271239755075622
"Corse","K12",2007,172.696751646507,3.14584024639373,27.3550960705894,757.289017717226,0.214458543503231,0.0182159781026626
"Corse","K13",2007,67.0800294204318,1.71065334628706,15.3862306863497,650.594589050745,0.17352655928762,0.0255016785333432
"Grand ouest","A11",2012,158.769498842052,6.45412754502916,23.9979536399636,686.555896268318,0.210961990086549,0.040650928497607
"Grand ouest","A12",2012,192.599973021379,7.68718689199894,26.1157460929232,736.822430536581,0.212434407108724,0.0399127101183219
"Grand ouest","A13",2012,180.627550645285,7.10896334476901,22.3195679186309,597.664137872648,0.218056658223692,0.0393570267623766
"Grand ouest","A21",2012,167.266184443638,6.94472836322342,25.4464548303085,758.902569598201,0.206621585807563,0.0415190218293256
"Grand ouest","A22",2012,160.816432439353,6.24500065205015,22.3132617274081,685.065709834705,0.203643463206593,0.0388331003077391
"Grand ouest","A30",2012,147.449445612472,6.70720365391567,22.0239247742261,839.799211621996,0.182732032784624,0.0454881578296577
"Centre nord","B10",2012,192.317686594751,6.05376478156183,23.0205394555347,534.194453931654,0.234241111507082,0.0314779409463167
"Centre nord","B21",2012,180.654366578914,7.39634491812529,22.0155515097592,633.041013966817,0.210428190113105,0.0409419659108788
"Centre nord","B22",2012,182.169700307981,7.73395444412454,22.3854358299768,548.607711289316,0.227932829907418,0.042454669635232
"Centre nord","B23",2012,241.111467659042,7.78379178273589,26.6959652157131,605.311407633718,0.236967312899714,0.0322829596547561
"Centre nord","B31",2012,173.788718749783,5.99810784634592,20.3339270008232,506.640202935553,0.226055909570658,0.0345137928945887
"Centre nord","B32",2012,174.284491101808,6.10419155535176,21.0385111395707,606.594754903925,0.210142180870151,0.0350242957176609
"Centre nord","B33",2012,211.736853069889,6.42258748209095,23.4135628813807,630.84939727447,0.217383194289903,0.0303328749292926
"Centre nord","B41",2012,172.853402825783,5.58778598994647,20.4529726668969,556.757328748154,0.216272005284048,0.0323267340914215
"Centre nord","B42",2012,174.368678942051,6.20390221078292,20.9761289599593,655.169099547801,0.201902189416678,0.0355792235648279
"Centre nord","B43",2012,117.891181997217,6.21091240181529,16.75139384661,657.758309150449,0.180072486952722,0.0526834348133172
"Centre nord","B44",2012,141.521030221811,4.44886283800102,20.0094649257654,755.389058050012,0.183648528179826,0.0314360546346234
"Centre nord","B51",2012,203.779201966086,6.84562361959901,23.5517431344117,692.673511120521,0.208066565006903,0.0335933380519289
"Centre nord","B52",2012,203.642768458035,6.42175690420195,23.9947043597672,773.203378556308,0.198776889075465,0.0315344215403617
"Centre nord","B53",2012,201.175042667887,5.94192307912707,23.6718966586547,750.696947672273,0.200373028551781,0.0295360845974139
"Centre nord","B61",2012,184.595021320071,7.96114137393633,23.9039224919376,720.412335183276,0.205541288685574,0.0431276061347962
"Centre nord","B62",2012,199.118185879927,6.80928371787519,23.9745554413511,698.251558445255,0.20908572539942,0.034197196442827
"Centre nord","B70",2012,150.475538044038,5.36268668837742,19.9156401040428,663.038840865494,0.195561206976412,0.035638262258999
"Centre nord","B81",2012,144.42740312943,6.31019552302105,20.2576034405541,719.665750802165,0.18931441093581,0.043691123611536
"Centre nord","B82",2012,149.030344002309,5.27007455181479,21.273084756399,781.177210007564,0.186206789463192,0.0353624262702711
"Centre nord","B91",2012,203.107980199284,5.64715065915419,23.6926850927133,704.11725010326,0.2069853977616,0.0278036867562435
"Centre nord","B92",2012,206.189821326532,6.86039703305567,24.4803700543745,727.819582034018,0.206943686090025,0.0332722390897813
"Grand est","C11",2012,194.689257271345,6.5232642825487,22.62400880596,606.900133080572,0.217861868239222,0.033506030964292
"Grand est","C12",2012,244.976720204753,8.26674734169836,25.7651337031553,630.009420921133,0.228190593374708,0.0337450323230263
"Grand est","C20",2012,164.410344631271,5.32933412129906,21.2671919164312,751.790823450548,0.189784886407799,0.0324148345607531
"Grand est","C30",2012,204.482247667018,5.77797546825765,23.3899542374624,642.25876039867,0.215335050734808,0.0282566116823334
"Grand est","C41",2012,158.209095210576,6.10406905166841,19.4565203236664,633.213219617912,0.197793792997709,0.0385822891126701
"Grand est","C42",2012,253.206821900882,7.77336084670607,26.2199514334402,635.453545207327,0.229207644091103,0.0306996501450856
"Grand est","C51",2012,196.415372643975,7.00094927402627,22.6369170196172,644.233947260238,0.211515352707606,0.0356435913329262
"Grand est","C52",2012,198.309209942831,7.11747925124294,26.4095876320948,953.914782122172,0.187750490357547,0.0358908154255406
"Vosges","D11",2012,294.714383972155,10.3872292552449,30.6669218956088,747.660481785033,0.228527221686404,0.0352450705501579
"Vosges","D12",2012,236.913349725678,8.21477267336234,24.2828696781715,623.111908313527,0.222752218601142,0.0346741653979154
"Jura","E10",2012,192.224780655395,6.80993684248271,24.7799667021157,898.925392092506,0.187345641734518,0.0354269455751962
"Jura","E20",2012,293.958998614019,8.87210289216373,31.5766380825434,734.505625819147,0.233959368671956,0.0301814298388368
"Sud ouest","F11",2012,127.296911335087,7.64484551089252,20.9153611556744,1093.40009870362,0.156062366796767,0.0600552317468946
"Sud ouest","F12",2012,115.224213057031,5.21374072726802,18.5223580516834,945.275873036733,0.15795155663859,0.0452486555467944
"Sud ouest","F14",2012,138.097620530757,6.93837894893688,20.8385295708563,941.406087434469,0.167880437946608,0.0502425669774055
"Sud ouest","F15",2012,152.07322132479,5.28694305530036,22.2118496735752,921.374257723726,0.175198097153778,0.034765772758958
"Sud ouest","F21",2012,75.8744475891499,4.4764208259818,10.6225323560052,333.434162267102,0.201402122795422,0.0589977386091959
"Sud ouest","F22",2012,141.093943600116,5.46935880237487,19.9555852066122,472.140349524816,0.231980636024967,0.0387639516113886
"Sud ouest","F23",2012,123.010306885893,5.62291046846349,18.1358225238766,668.767742356142,0.185817250407832,0.0457108888743724
"Sud ouest","F30",2012,142.858307745704,4.81452450070595,20.3732835535362,731.34066038257,0.188332692079543,0.0337013966963411
"Sud ouest","F40",2012,87.6553715768753,2.34670359445773,16.0095282797768,830.47121379863,0.156668626302863,0.0267719313972633
"Sud ouest","F51",2012,160.910432730971,5.20077997312215,21.3010370850149,472.590160184439,0.239559333481954,0.0323209619466839
"Sud ouest","F52",2012,168.167479138567,5.89674850364733,21.292445896448,432.855615479254,0.250262804751756,0.0350647374501493
"Massif central","G11",2012,181.554855130155,7.22533530221866,24.4874836740624,829.219452371477,0.193906513773992,0.0397969820032567
"Massif central","G12",2012,195.718973562413,6.63378952493114,25.7316118988864,788.097698678317,0.203891220643551,0.0338944630874823
"Massif central","G13",2012,206.084369349536,7.47083719107929,26.3028456202994,740.716033057789,0.212632945202668,0.036251352854462
"Massif central","G21",2012,212.993013451255,8.46720382966744,25.1117373767568,658.349581718805,0.22037643726308,0.0397534345961316
"Massif central","G22",2012,252.774213793039,9.00363104362469,30.1094472315785,780.277553988862,0.221657225912444,0.035619262378545
"Massif central","G23",2012,232.653312475012,8.87853729339362,26.4820247896593,781.561944750626,0.207705956282287,0.0381620927677409
"Massif central","G30",2012,222.383922609557,7.07325603749446,29.65377349976,764.376753672455,0.222249763216881,0.0318065081076616
"Massif central","G41",2012,246.177859103676,9.47041781695624,26.7498133122066,705.322888487786,0.219746237760649,0.038469819550132
"Massif central","G42",2012,199.694587493526,7.01273067425803,27.557059403351,771.647862609493,0.21323668226092,0.0351172796532874
"Massif central","G50",2012,171.278124941915,4.80119742144235,24.4493622792958,705.623521811514,0.210040141629196,0.0280315856042361
"Massif central","G60",2012,85.6940534251002,2.44067890622293,15.2252020560139,652.676428439808,0.17234061072134,0.0284813100637861
"Massif central","G70",2012,134.752125237422,4.27839671198743,24.8584204883171,873.419867107867,0.190362014102206,0.0317501241961805
"Massif central","G80",2012,191.731198376574,6.85818046506853,26.200566676409,854.583755329652,0.197575497883153,0.0357697678997373
"Massif central","G90",2012,155.48049999816,5.34509341315096,21.3798303616572,725.189328382417,0.193745437680372,0.0343779021370154
"Alpes","H10",2012,312.747703234439,7.69734565569625,35.4420915401931,881.963006539057,0.226198409119466,0.0246119973898776
"Alpes","H21",2012,292.716681283742,7.83848557847648,33.9996740637616,760.661518615041,0.238559498487363,0.0267784041008525
"Alpes","H22",2012,212.86284416298,5.33294412696391,27.60093450932,725.062715477435,0.22015531060978,0.0250534288778022
"Alpes","H30",2012,95.6940717244729,2.38526421912472,19.2349686286155,826.607059456361,0.172127890174452,0.0249259350776973
"Alpes","H41",2012,154.338314047497,3.17083430628363,24.1116364844666,726.155541871537,0.205614422815223,0.0205446996479941
"Alpes","H42",2012,163.665223772353,3.07083302167711,23.5180592300829,616.247965290871,0.220433730280733,0.018762892634714
"Pyrénnés","I11",2012,179.175770454741,5.65405874991181,23.6573316930073,695.265161573675,0.208143428887663,0.031555933793738
"Pyrénnés","I12",2012,195.431850254178,5.34594144763333,27.1837746552825,866.231070653789,0.199890917480228,0.0273545046044461
"Pyrénnés","I13",2012,87.1621211975484,2.80096309915535,17.6247410827578,889.239303730666,0.158857274520779,0.0321350956203454
"Pyrénnés","I21",2012,191.647588447881,4.54003748896205,25.7757049406642,639.718748254096,0.226498742791364,0.0236895101354053
"Pyrénnés","I22",2012,115.770410642811,2.71445844677607,21.7959494237402,788.342308907111,0.187622767454873,0.0234469104126361
"Provence","J10",2012,43.0836805713859,1.44527225453076,12.095632110817,943.041782284949,0.127792061612191,0.0335457007238755
"Provence","J21",2012,46.954418325834,1.63067998304325,13.0433654934531,769.327548971356,0.14692450935665,0.0347289997658443
"Provence","J22",2012,60.707059906006,2.15156458218937,13.9003041597571,825.86195212581,0.146390698090615,0.035441752335242
"Provence","J23",2012,59.6959437255498,1.74364309217166,14.0168145482735,799.540739414672,0.149403036500156,0.0292087365297046
"Provence","J24",2012,68.9534138409139,1.65138903361329,13.6177945638784,468.059206085794,0.192467786901275,0.0239493440806759
"Provence","J30",2012,59.8461833272123,1.60133027608522,14.8420008685743,579.382036931536,0.180600426881411,0.0267574335915435
"Provence","J40",2012,61.4802450185244,1.71777791444171,14.9069779177711,898.079875694222,0.145375888151678,0.0279403231708678
"Corse","K11",2012,67.1827745537596,1.57299735539256,16.9399670080088,868.489961555953,0.157590102462289,0.0234137003992571
"Corse","K12",2012,214.140529983357,3.49620356124056,32.910115769711,895.884127068436,0.216268786473269,0.0163266783803715
"Corse","K13",2012,101.170767428242,2.49869249368524,21.863753366573,863.292487942681,0.179571924974051,0.0246977714729455
"Grand ouest","A11",2017,180.710848106105,6.47591346770029,24.8711336335309,603.035734709422,0.229156048947564,0.0358357759679039
"Grand ouest","A12",2017,213.710590787664,6.84051404179973,27.2583706658306,652.042001824185,0.230710425266829,0.0320083062640365
"Grand ouest","A13",2017,197.989460222774,6.22615046066948,23.2376845954899,510.875208608571,0.240654546931487,0.0314468783018244
"Grand ouest","A21",2017,160.477871899908,6.22344417387113,22.6216989313624,589.585190938566,0.221026519616071,0.0387806997948773
"Grand ouest","A22",2017,176.439680870267,5.38974306733839,22.4216347445252,605.259179525593,0.217179087303137,0.0305472274760086
"Grand ouest","A30",2017,140.796568062131,5.51932989578156,19.8710713126291,656.780579057167,0.196270735147349,0.0392007416924111
"Centre nord","B10",2017,180.051230538917,5.12347768163931,20.6544851251843,455.608641868547,0.240251589403713,0.0284556660140787
"Centre nord","B21",2017,173.882945603717,6.61466590450756,21.8905969722233,568.843477159515,0.221354049114464,0.0380409124169229
"Centre nord","B22",2017,158.87676240844,6.17689704405275,19.3748219703967,498.864021922326,0.222373395612037,0.0388785430318198
"Centre nord","B23",2017,216.543335178008,6.63777732197939,23.2015044852922,497.132176910267,0.243768281727941,0.03065334389776
"Centre nord","B31",2017,187.801499217679,6.0054866102795,22.3782802912987,564.937364883075,0.224578545082493,0.031977841685484
"Centre nord","B32",2017,183.169304660443,5.90636781206591,22.0264045280504,596.264250141625,0.216873994766592,0.0322454017228218
"Centre nord","B33",2017,216.289994857165,6.02527134877708,24.0280918679362,628.851914388425,0.220566985399882,0.0278573743217114
"Centre nord","B41",2017,189.121022635061,5.55566990682889,21.9339208425282,591.904184598785,0.21721383837317,0.0293762683250155
"Centre nord","B42",2017,200.40655860037,5.98834056267001,22.5057781573319,634.330987929112,0.212541681558293,0.0298809610049306
"Centre nord","B43",2017,111.392474478233,5.93215270701909,16.222397710615,673.406292922663,0.175135423253599,0.0532545195248202
"Centre nord","B44",2017,148.453320472577,5.16646363490687,19.8394744527597,760.235443937253,0.182282965055747,0.0348019405592296
"Centre nord","B51",2017,204.777821109018,6.16089139389968,22.5004029246365,687.104063266226,0.204192106078682,0.0300857356550337
"Centre nord","B52",2017,212.021534673786,5.86554732903649,24.1553882152143,762.345795133231,0.200856580877696,0.02766486592063
"Centre nord","B53",2017,214.335108298462,6.03446002098493,23.5922515881145,708.11861991865,0.205961832696381,0.0281543237078171
"Centre nord","B61",2017,172.05924503462,7.14597494738656,21.6491839332765,606.906512662792,0.213115445124461,0.041532060343219
"Centre nord","B62",2017,202.029874628775,6.7883707830919,23.6186425953431,709.247990104051,0.20591285947308,0.0336008265884705
"Centre nord","B70",2017,164.972984800774,5.22692965574169,20.7406477810249,634.215738933739,0.204055220326431,0.0316835490492814
"Centre nord","B81",2017,157.189867756675,6.1447003948173,21.1186661833876,754.260591120241,0.188811130899633,0.0390909444896863
"Centre nord","B82",2017,150.598379854031,5.22386165532088,20.8513097187128,740.812758017272,0.189307361470419,0.0346873695479603
"Centre nord","B91",2017,205.21301708842,5.52496725363178,23.4614556979921,677.968817945218,0.209907365041969,0.026923083788838
"Centre nord","B92",2017,210.347486552128,6.60455033862592,24.144413508801,747.59788094083,0.202781979724711,0.0313982850324632
"Grand est","C11",2017,234.165283112398,7.44343270798351,25.1759357684627,639.576684257394,0.223872917330508,0.0317870890554289
"Grand est","C12",2017,210.768542204566,6.07300356281639,22.5967822363871,531.851130817486,0.232585864094133,0.0288136146850705
"Grand est","C20",2017,172.08891578968,4.73479378411186,21.648557803182,744.625308260061,0.192398041849388,0.0275136475954008
"Grand est","C30",2017,222.433768723859,5.68228214947632,24.5794860875874,652.228685134456,0.219049119024952,0.0255459509681312
"Grand est","C41",2017,165.794793815655,6.71281911798171,20.7603406787451,664.617794327335,0.199428083143666,0.0404887208065508
"Grand est","C42",2017,291.150093152359,6.64447120826582,28.662239217493,533.252101197395,0.261603668458241,0.0228214634463083
"Grand est","C51",2017,201.785224501184,6.01886690948241,22.4281029157842,649.452505955732,0.209689957179188,0.0298280854029879
"Grand est","C52",2017,204.894667553256,6.82061558405423,27.098794639347,954.906095722101,0.190085816819317,0.0332883996714137
"Vosges","D11",2017,304.445449758608,9.08980220124275,30.3711049819875,682.228550689989,0.238078627748977,0.0298569159383068
"Vosges","D12",2017,249.898830988056,7.83533658706324,25.2610738270187,687.182691039178,0.216344001150585,0.0313540345750466
"Jura","E10",2017,215.444254033004,6.54902665191682,26.3272246791688,875.658842135503,0.195654630418987,0.0303977782155823
"Jura","E20",2017,320.793287841058,9.08940077724243,32.1953057790457,687.72778177832,0.244142311503798,0.0283341364104411
"Sud ouest","F11",2017,142.218052533807,7.389277586633,21.4241760359567,1060.35791774605,0.160391327381271,0.0519573813238406
"Sud ouest","F12",2017,126.860472869656,5.11571462645844,20.4290902667032,1044.22078441319,0.157827764950395,0.0403255207137263
"Sud ouest","F14",2017,155.783765330246,5.9882829911828,23.0613330612858,966.260179401565,0.174321206186267,0.0384397114711423
"Sud ouest","F15",2017,169.146449883453,5.35154179535454,23.4803552025265,883.563729261794,0.183945196297883,0.0316385108823857
"Sud ouest","F21",2017,85.985120394705,5.52716875471411,12.4015516981917,416.678017705747,0.194667198389322,0.0642805258554301
"Sud ouest","F22",2017,135.505235915948,5.47080522345155,18.8870241757872,480.258127315669,0.223768765475605,0.0403733862125077
"Sud ouest","F23",2017,127.25125537837,5.84047475957344,18.4361625298902,632.567820261696,0.192635700241061,0.0458971877503864
"Sud ouest","F30",2017,153.786630250756,4.88004304733511,21.1863713999503,725.611475088538,0.19281076548603,0.0317325572410162
"Sud ouest","F40",2017,88.5448203015573,1.96356693543968,15.8332826869385,754.667606837106,0.16344163109036,0.0221759661237366
"Sud ouest","F51",2017,155.756985955497,5.75379235431176,21.2079573813783,548.506401480487,0.221877687108207,0.0369408300951313
"Sud ouest","F52",2017,167.231299611093,5.92588166640161,21.1972719492173,534.148473212271,0.224783303478137,0.0354352425663296
"Massif central","G11",2017,182.759673001941,7.45483054660694,24.6392126424079,832.881277289969,0.19407827452029,0.0407903473679762
"Massif central","G12",2017,203.908587748508,6.60500195671576,26.2675591270175,828.793196995745,0.200882372894756,0.0323919753927288
"Massif central","G13",2017,223.413378239389,7.08754851043689,27.0918328327121,709.659663987086,0.220469842714492,0.0317239216661526
"Massif central","G21",2017,237.293390982187,8.11730081667008,26.4284400566825,607.367768435639,0.235377504175815,0.034207867244307
"Massif central","G22",2017,262.268789005969,8.37113251645919,30.4200306432632,757.771232261155,0.226081916470974,0.0319181422546952
"Massif central","G23",2017,261.137806159988,8.24099312376786,27.4421136763367,668.435207528185,0.228630507534199,0.03155802388383
"Massif central","G30",2017,236.424756610825,6.81940855544415,31.1499321494457,758.951572059485,0.228600185980429,0.0288438852732731
"Massif central","G41",2017,231.199933412665,7.84335719589589,25.0524126735976,653.967336522861,0.220852240347179,0.0339245651160998
"Massif central","G42",2017,229.216695147378,7.68147577737922,31.1511632341392,863.513859449477,0.214317452019587,0.0335118511871062
"Massif central","G50",2017,199.847520435257,5.63755976068967,27.5225274727757,773.846123150963,0.212800140653249,0.0282093055165828
"Massif central","G60",2017,93.6905660639249,2.51697747327491,17.1955653010042,719.048948149614,0.174495431273775,0.0268647909711377
"Massif central","G70",2017,167.326916873494,5.0217413854542,28.3956922371523,950.850390096122,0.194995772087088,0.0300115574904834
"Massif central","G80",2017,179.468968529292,5.94337624007873,25.5970662207039,895.260489669035,0.190798715303412,0.0331164562251812
"Massif central","G90",2017,171.393520201891,5.46395501022214,23.3309597065596,750.350583208162,0.198970755471381,0.0318795891687501
"Alpes","H10",2017,328.264057503486,7.28218087729265,35.7166529800312,870.711939157565,0.228535244814419,0.0221839117345807
"Alpes","H21",2017,305.054619987053,8.17058749970982,34.7075547490387,787.71651744231,0.236854746304617,0.0267840149415098
"Alpes","H22",2017,220.708967296634,5.19265472437906,28.695519275643,767.935677043586,0.218122105424985,0.0235271579038296
"Alpes","H30",2017,104.259016701015,2.53436287955052,20.5193091403377,842.540156245236,0.176092606601252,0.0243083328401067
"Alpes","H41",2017,168.210376695287,3.45755608610835,24.6667692449696,720.680746895377,0.208756369243077,0.0205549512107194
"Alpes","H42",2017,151.904358678771,3.07937110398739,22.1441683358974,610.416557447803,0.214917407824862,0.0202717758119059
"Pyrénnés","I11",2017,178.485024683929,5.2082117813693,23.2244696010604,691.667699174572,0.206766041907643,0.0291801051129768
"Pyrénnés","I12",2017,212.125294490927,5.16546923415589,27.8910135825192,847.594286138236,0.20468838420647,0.0243510291714732
"Pyrénnés","I13",2017,108.03822654647,3.38447100285551,20.2734635711467,997.260646216424,0.160884681165982,0.0313266064340639
"Pyrénnés","I21",2017,215.37714756969,4.90703137844737,27.3657769532748,666.876993553727,0.228578870962407,0.0227834356328802
"Pyrénnés","I22",2017,131.686074672055,3.39650121525516,22.6386252846289,787.975597605328,0.191259801507351,0.0257924098938604
"Provence","J10",2017,44.7269975062289,1.30514340558214,12.2736132306686,937.202395431988,0.129129235884657,0.0291802150457423
"Provence","J21",2017,62.7362419109058,1.72935917056047,16.8024858774059,1039.22567817478,0.143478521995136,0.0275655525081722
"Provence","J22",2017,66.8628875336922,1.96993254678152,15.5082289249847,827.240566564341,0.154497070601511,0.0294622715148052
"Provence","J23",2017,56.1040667911225,1.58015681083566,13.0658435131023,748.465632855272,0.149086340178777,0.0281647463582033
"Provence","J24",2017,80.3200625752022,1.85559485962525,15.6530593869691,705.938384864961,0.168023983726252,0.0231025076441878
"Provence","J30",2017,56.6383454051166,1.55243715907576,13.5756797072545,458.280075514787,0.194209452021568,0.0274096488513508
"Provence","J40",2017,71.1176199449107,2.00058302730927,16.9661499392922,963.59641443188,0.149726654934022,0.0281306240121502
"Corse","K11",2017,59.1051066117533,1.56786519538529,13.7724557506526,815.073458309476,0.146677120863916,0.0265267298422149
"Corse","K12",2017,195.771129755819,3.25461888163097,27.5335074754538,593.705897370201,0.242996572350021,0.016624611022526
"Corse","K13",2017,81.5903732383348,1.82057044157227,18.9301415601812,733.502377232765,0.181272209064197,0.0223135447150631
"Grand ouest","A11",2022,166.433000846431,5.80908081059872,24.4212036956928,656.642285669425,0.217607655104027,0.0349034192801631
"Grand ouest","A12",2022,208.053734859801,6.78956051775395,27.4774246950623,626.442592943889,0.236321063945623,0.0326336872651153
"Grand ouest","A13",2022,194.296447856647,5.82625274955705,22.4399593125591,457.086040595847,0.250015602885075,0.0299864089839444
"Grand ouest","A21",2022,180.836853026087,6.34232311729338,26.6479597758436,584.382289843574,0.240956429104762,0.0350720719320329
"Grand ouest","A22",2022,192.954817109388,5.94509636300974,24.4884420230465,627.710101388201,0.222872291533793,0.0308108211656587
"Grand ouest","A30",2022,150.15905377833,6.09728651169973,22.3671289180909,829.83595455983,0.185252490777968,0.0406055203351291
"Centre nord","B10",2022,201.313038832142,5.7887075121173,22.9740826664182,536.630013112505,0.233473003189065,0.0287547569978516
"Centre nord","B21",2022,159.149191993312,6.03875062331981,20.2718570690117,590.670823821001,0.209039841459914,0.0379439603034464
"Centre nord","B22",2022,166.718164881332,6.57753319570724,21.5685230715098,626.681257794343,0.209335030371423,0.0394530086172017
"Centre nord","B23",2022,204.597407552077,5.33831444663805,20.5492091051901,414.683659744417,0.251185261774831,0.0260917990628951
"Centre nord","B31",2022,207.713976372987,6.34240921478215,25.3230243918495,671.830300510354,0.219070072688353,0.0305343401803316
"Centre nord","B32",2022,189.722280525045,5.26362073923893,22.4622698628597,637.132593567767,0.211868781194598,0.0277438196751176
"Centre nord","B33",2022,243.143877308196,6.4936018964316,25.9163661341341,644.40342539813,0.226288869396053,0.0267068287646029
"Centre nord","B41",2022,197.222905390398,5.07287314272256,22.1386481709749,508.743251638117,0.23538635175087,0.0257215212030313
"Centre nord","B42",2022,200.320330426728,5.64463930687615,22.3907508956714,588.973653064959,0.220009510438797,0.0281780650763295
"Centre nord","B43",2022,112.947192830109,5.14102235343762,15.9763470455996,604.036119877846,0.183511103901531,0.0455170440682892
"Centre nord","B44",2022,154.537039437603,4.2242230187853,20.9672574493775,759.277381498483,0.187510521589439,0.0273346961618927
"Centre nord","B51",2022,210.953485291091,5.56768655454766,23.2107477971984,653.09709911725,0.212721187267795,0.0263929583664613
"Centre nord","B52",2022,208.061729623819,5.74066716932644,23.7073204187693,721.946366632765,0.204476699519253,0.0275911729644165
"Centre nord","B53",2022,212.679661587619,5.60676018363318,23.294050509142,668.409036801894,0.210647548544869,0.0263624652295365
"Centre nord","B61",2022,189.393121353377,6.58540453347395,23.0845429712571,591.466265076767,0.222920860137435,0.0347710861219012
"Centre nord","B62",2022,211.126772822065,5.90999481108281,23.9911811263098,671.683354226789,0.213254685136328,0.0279926355719163
"Centre nord","B70",2022,160.020660666697,4.74294377904405,19.9388820140824,586.351580910882,0.208078117854605,0.0296395712858792
"Centre nord","B81",2022,184.753868309243,6.49669529066487,23.7012657407371,709.594122220119,0.206222394106539,0.0351640555627806
"Centre nord","B82",2022,159.459168046725,4.78329224971472,21.4370352176625,703.22408713446,0.197011034303901,0.0299969723177855
"Centre nord","B91",2022,204.260368744159,4.8242120346026,23.149027031007,655.060599153065,0.212119547156212,0.0236179542035637
"Centre nord","B92",2022,205.677431779296,5.42240091899472,23.7166100982598,652.415461964762,0.215139048579956,0.0263636164263918
"Grand est","C11",2022,200.357739412656,5.42048191774965,22.7828976586398,584.10878725766,0.222850015735425,0.0270540181459407
"Grand est","C12",2022,190.190952138267,5.77823205452915,20.3920139204386,522.774655299513,0.222857809063729,0.0303812141932412
"Grand est","C20",2022,168.800241899783,4.30726309139237,21.1279213916528,700.911458515798,0.195907862220612,0.0255169248747262
"Grand est","C30",2022,205.651321078299,4.98672753231315,22.9948995076465,617.070142418466,0.217822907511604,0.0242484585373246
"Grand est","C41",2022,181.08142282162,5.49857264385535,21.6017252163555,627.671685438073,0.209330740168603,0.0303651946079079
"Grand est","C42",2022,284.259531002926,6.45021743739062,27.2523389302927,483.969917640056,0.267761274274217,0.0226912969800271
"Grand est","C51",2022,195.990405358914,5.51955770752065,21.9682459418061,614.22416492303,0.213397487117794,0.0281623873240773
"Grand est","C52",2022,198.027495340024,6.3749449819019,26.4111286480965,907.557165715083,0.192491494587969,0.0321922214435717
"Vosges","D11",2022,298.910139593964,8.23017438826917,30.0664901658161,668.818620247043,0.239244657364785,0.0275339418042122
"Vosges","D12",2022,255.828943673521,6.79697614713765,25.9906424419656,642.577524768543,0.226934644172744,0.0265684408086822
"Jura","E10",2022,190.976021646287,5.23208879539098,23.8679676911892,795.310878488195,0.195476393828337,0.027396574451014
"Jura","E20",2022,308.095419012747,7.44928307981678,31.3482709558108,700.961895100185,0.238624290585162,0.0241784934799974
"Sud ouest","F11",2022,146.030850230615,6.65442022203986,22.3088166167034,1049.68544731016,0.164499180204118,0.0455685919210294
"Sud ouest","F12",2022,136.679785619377,5.63736704050408,21.4716994155451,1016.09677982343,0.16402903549333,0.0412450679151847
"Sud ouest","F14",2022,176.47671366626,6.5098708377169,25.4768044699414,954.306073748727,0.184367213695062,0.0368879876697381
"Sud ouest","F15",2022,160.734699716498,5.1699555523832,22.0077838131858,784.907185710399,0.188944416429379,0.0321645267730112
"Sud ouest","F21",2022,100.893170583451,7.57071913012326,14.8089373300956,496.413662283685,0.194892507865627,0.0750369830419923
"Sud ouest","F22",2022,141.935519377051,5.67724998555678,19.8799284272781,458.564402831137,0.234942885480941,0.0399987967104639
"Sud ouest","F23",2022,148.171257191716,6.79668608134469,20.4239882511706,639.366599900701,0.201674209198289,0.0458704758950017
"Sud ouest","F30",2022,167.485307723221,4.68735237921504,22.8827318584981,717.970302247476,0.201444657851876,0.0279866481599756
"Sud ouest","F40",2022,89.963232727718,2.06327728178436,16.5039420791091,763.38662607273,0.165911553996808,0.0229346725237081
"Sud ouest","F51",2022,163.524037665882,4.99243276481725,21.951645901931,460.297340779652,0.24641626504455,0.0305302684307366
"Sud ouest","F52",2022,163.711823445181,5.74656138619189,21.3705813450944,545.342307066388,0.223371948179064,0.035101688230332
"Massif central","G11",2022,182.957567050531,6.74102087227954,24.0242771980892,738.06180033253,0.203579414179077,0.0368447229647394
"Massif central","G12",2022,209.335923537049,5.50418662544156,26.6067309258784,707.227979339553,0.218862371718973,0.0262935598077958
"Massif central","G13",2022,213.293331408634,6.81845625073656,26.3165500724908,715.273518172538,0.216437975953125,0.0319675078714653
"Massif central","G21",2022,184.023021248143,6.80011656887656,21.9437546647088,552.442212697841,0.224888423940943,0.0369525319318992
"Massif central","G22",2022,268.370218554136,7.85145160845687,30.653692656326,717.249920029364,0.233271243479073,0.0292560465567198
"Massif central","G23",2022,234.5324416898,6.88677906871284,25.7566049353504,623.609599518482,0.229320548412571,0.0293638654810131
"Massif central","G30",2022,248.729251526874,6.08317308535931,32.9149872282691,778.962632753108,0.231949581010734,0.0244570071594577
"Massif central","G41",2022,230.497747337075,7.52601255531026,26.0388231660129,659.716387400036,0.224174959195073,0.0326511327865794
"Massif central","G42",2022,216.741981943368,6.34262555393698,28.3725119172191,729.884535307153,0.222472774943999,0.0292634841532188
"Massif central","G50",2022,175.585239638276,4.4850328590994,25.4797724867349,730.977098522052,0.210669151869805,0.0255433364919457
"Massif central","G60",2022,93.6196360057448,2.55409816577783,16.6450364680196,671.622461825788,0.177637572073303,0.0272816502471886
"Massif central","G70",2022,173.892211246931,4.57485079615618,28.0039720302599,872.831560591474,0.202115516694193,0.0263085434554615
"Massif central","G80",2022,192.456347908808,5.51973486229545,25.5606412151644,866.967381342913,0.193749036967713,0.0286804510335553
"Massif central","G90",2022,173.577919148092,4.54800535573196,23.6946578255619,714.924674206518,0.205423505923201,0.0262015202051808
"Alpes","H10",2022,323.390910735197,6.77645131845761,34.8801494077187,731.418676195463,0.246411631854887,0.0209543654243467
"Alpes","H21",2022,299.625342838247,6.86438756746001,31.9077569864842,608.154870113548,0.258461644183026,0.0229099030890914
"Alpes","H22",2022,220.410693829492,5.17027100470292,27.6646577367735,688.763608088177,0.226142721255906,0.0234574417187879
"Alpes","H30",2022,99.0368204761112,2.22456909253344,19.194028951118,786.512940793393,0.176272756434636,0.0224620407020239
"Alpes","H41",2022,157.332893144325,3.35352679298001,23.4701052765279,662.868352511934,0.21232392587123,0.0213148485733606
"Alpes","H42",2022,154.57884914505,2.58923633420348,21.6975450252249,570.962732370108,0.219966465973279,0.0167502627204441
"Pyrénnés","I11",2022,191.24698571843,5.5769383193533,24.8771114753531,699.902813155219,0.212733637404096,0.0291609214043465
"Pyrénnés","I12",2022,248.128006499458,5.47667096614406,30.4865026637197,775.40458565788,0.223740538912238,0.0220719581131041
"Pyrénnés","I13",2022,129.823807494689,3.16077332720162,21.9059132821917,979.17080950378,0.16877437653634,0.0243466386342961
"Pyrénnés","I21",2022,211.811129941264,4.80988181351512,28.0846308411333,733.319894897005,0.220822176125364,0.0227083525537535
"Pyrénnés","I22",2022,123.450215449311,2.8610758333893,22.7531368044628,778.260848438278,0.192935927311463,0.0231759484823586
"Provence","J10",2022,48.8532249437943,1.24129072152523,13.0754068023127,924.080547422163,0.13422324989827,0.0254085727800638
"Provence","J21",2022,40.8366667146504,1.14652245101576,12.0389175696187,718.196694889914,0.146092216646495,0.0280758089054424
"Provence","J22",2022,62.0321928832851,1.55647593262665,13.943252689665,743.525022430415,0.154521641821221,0.025091422054919
"Provence","J23",2022,58.5859044309225,1.53714040251703,13.1528049945043,660.283574559467,0.159257173307626,0.0262373759942452
"Provence","J24",2022,76.8177813449236,2.05492693661184,16.3554854604813,689.959274670703,0.173730092340577,0.0267506676271331
"Provence","J30",2022,56.2325074180417,1.14952864716238,14.7124881122341,544.423342399047,0.185493951552877,0.0204424220071959
"Provence","J40",2022,75.5278903605391,1.98290413164932,16.9837336270856,885.510346309509,0.156269716495812,0.0262539324504331
"Corse","K11",2022,61.8592642249359,1.59163304267497,16.3373558852795,874.4115919058,0.15423679458404,0.0257299058211781
"Corse","K12",2022,216.427865620522,3.55619325886365,31.3791133725179,836.138745850333,0.218592984240135,0.0164313095666663
"Corse","K13",2022,79.3513220459238,2.12847984228043,17.6114588114426,925.148436906161,0.155685087581995,0.0268234956570552
